0;0;0;0;0;5
1;0;0;0;0;5
2;1;0;0;0;5
3;0;0;1;0;6
4;0;0;0;0;8
5;0;0;0;0;8
6;0;0;0;0;7
7;0;0;0;0;8
8;0;0;0;0;9
9;0;0;1;0;12
10;1;0;0;0;12
11;0;0;0;0;12
12;0;0;0;0;13
13;0;0;0;0;11
14;3;0;0;0;10
15;0;0;0;0;13
16;0;0;0;0;13
17;1;0;0;0;10
18;1;0;0;0;10
19;0;0;0;0;10
20;0;0;0;0;10
21;0;0;0;0;12
22;0;0;0;0;12
23;0;0;0;0;11
24;1;0;0;0;8
25;0;0;0;0;6
26;0;0;0;0;3
27;1;0;0;0;0
28;0;0;0;0;1
29;0;0;0;0;0
30;0;0;0;0;2
31;1;0;0;0;0
32;0;0;0;0;0
33;2;0;0;0;0
34;2;0;0;0;0
35;3;0;0;0;0
36;2;0;0;0;0
37;2;1;0;0;0
38;0;0;0;0;0
39;2;0;0;0;0
40;1;0;0;0;2
41;4;0;0;0;8
42;0;0;0;0;3
43;6;0;0;0;2
44;1;0;0;0;2
45;2;0;0;0;0
46;0;0;0;0;0
47;0;0;0;0;0
48;0;0;0;0;0
49;0;0;0;0;0
50;0;0;0;0;0
51;0;0;0;0;0
52;0;0;0;0;0
53;0;0;0;0;0
54;0;0;0;0;0
55;0;0;0;0;0
56;0;0;0;0;2
57;1;0;0;0;1
58;1;0;0;0;3
59;0;0;0;0;4
60;0;0;0;0;6
61;1;0;0;0;3
62;0;0;0;0;0
63;1;0;0;0;0
64;1;0;0;0;0
65;0;0;0;0;0
66;1;0;0;0;0
67;2;0;0;0;0
68;4;0;0;0;0
69;8;0;0;0;0
70;8;0;0;0;0
71;14;4;0;0;0
72;32;2;2;0;0
73;30;4;6;0;6
74;26;12;5;0;2
75;26;14;4;0;0
76;28;14;14;0;0
77;17;15;15;0;0
78;15;18;19;0;0
79;14;32;8;0;0
80;11;13;15;0;0
81;4;9;17;0;0
82;8;3;13;0;0
83;3;3;6;0;0
84;0;0;3;0;2
85;0;0;0;1;0
86;0;0;1;0;0
87;0;2;1;0;0
88;0;0;0;0;0
89;0;0;0;0;0
90;0;0;0;0;0
91;1;0;0;0;0
92;0;0;0;0;0
93;0;0;0;0;0
94;0;0;0;0;0
95;0;0;0;0;0
96;0;0;0;0;0
97;0;0;0;0;1
98;0;0;0;0;1
99;0;0;0;0;0
100;0;0;0;0;8
101;0;0;0;0;0
102;0;0;0;0;0
103;0;0;0;0;0
104;0;0;0;0;2
105;0;0;0;0;2
106;0;0;0;0;0
107;0;0;0;3;0
108;1;0;0;0;1
109;0;0;0;0;0
110;0;0;0;0;0
111;0;0;0;0;0
112;0;0;0;0;0
113;0;0;0;0;0
114;0;0;0;0;0
115;0;0;0;0;1
116;0;0;0;0;0
117;1;0;0;0;0
118;1;0;0;0;0
119;0;0;0;0;0
120;0;0;0;0;0
121;1;0;0;0;0
122;0;0;0;0;0
123;0;0;0;0;0
124;0;0;0;0;0
125;0;0;0;1;0
126;0;0;0;0;0
127;0;0;0;0;0
128;0;0;0;0;0
129;0;0;0;0;0
130;1;0;0;0;0
131;2;0;0;0;0
132;0;0;0;0;0
133;0;0;0;0;0
134;0;0;0;0;0
135;0;0;0;0;0
136;0;0;0;0;0
137;0;0;0;0;0
138;0;0;0;0;0
139;0;0;0;0;0
140;0;0;0;0;0
141;0;0;0;0;0
142;0;0;0;0;0
143;1;0;0;0;0
144;0;0;0;0;0
145;0;0;0;0;0
146;0;0;0;0;0
147;0;0;0;0;0
148;0;0;0;0;0
149;0;0;0;0;0
150;0;0;0;0;0
151;0;0;0;0;0
152;1;0;0;0;0
153;0;0;0;0;0
154;0;0;0;0;0
155;0;0;0;0;0
156;0;0;0;0;0
157;0;0;0;0;0
158;0;0;0;0;0
159;0;0;0;0;0
160;0;0;0;0;0
161;0;0;0;0;0
162;0;0;0;0;0
163;0;0;0;0;0
164;0;0;0;0;1
165;0;0;0;0;0
166;0;0;0;0;0
167;0;0;0;0;0
168;0;0;0;0;0
169;0;0;0;0;0
170;0;0;0;0;0
171;0;0;0;0;0
172;0;0;0;0;0
173;0;0;0;0;0
174;0;0;0;0;0
175;0;0;0;0;0
176;0;0;0;0;0
177;0;0;0;0;0
178;0;0;0;0;0
179;0;0;0;0;0
180;1;0;0;0;0
181;0;0;0;0;0
182;1;0;0;0;0
183;0;0;0;0;1
184;0;0;0;0;0
185;0;0;0;0;0
186;0;0;0;0;0
187;0;0;0;0;0
188;0;0;0;0;0
189;0;0;0;0;0
190;0;0;0;0;0
191;0;0;0;0;0
192;0;0;0;0;0
193;0;0;0;0;0
194;0;0;0;0;0
195;0;0;0;0;0
196;0;0;0;0;0
197;0;0;0;0;0
198;0;0;0;0;0
199;0;0;0;0;0
200;0;0;0;0;0
201;0;0;0;0;0
202;0;0;0;0;0
203;0;0;0;0;0
204;0;0;0;0;0
205;0;0;0;0;0
206;0;0;0;0;0
207;0;1;0;0;0
208;0;0;0;0;0
209;0;0;0;0;0
210;0;0;0;0;0
211;0;0;0;0;0
212;1;0;0;0;0
213;2;0;0;0;0
214;1;0;0;0;0
215;0;0;0;0;0
216;1;0;0;0;0
217;0;0;0;0;0
218;0;0;0;0;0
219;0;0;0;0;1
220;0;0;0;0;0
221;3;0;0;0;0
222;7;0;0;0;0
223;7;0;0;0;0
224;5;0;0;0;0
225;2;0;0;0;0
226;1;0;0;0;0
227;0;0;0;0;0
228;0;0;0;0;0
229;1;0;0;0;0
230;0;0;0;0;0
231;0;0;0;0;0
232;1;0;0;0;0
233;0;0;0;0;0
234;0;0;0;0;0
235;1;0;0;0;0
236;0;0;0;0;0
237;0;0;0;0;0
238;0;0;0;0;0
239;0;0;0;0;0
240;0;0;0;0;0
241;0;0;0;0;0
242;0;0;0;0;0
243;0;0;0;0;0
244;0;0;0;0;0
245;0;0;0;0;0
246;0;0;0;0;0
247;0;0;0;0;0
248;1;0;0;0;0
249;0;0;0;0;0
250;0;0;0;0;0
251;0;0;0;1;0
252;0;0;0;0;0
253;0;0;0;0;0
254;0;0;0;0;0
255;0;0;0;0;0
256;0;0;0;0;0
257;0;0;0;0;0
258;1;0;0;0;0
259;0;0;0;1;0
260;0;0;0;0;0
261;0;0;0;0;0
262;0;0;0;0;0
263;0;0;0;0;1
264;0;0;0;0;0
265;0;0;0;0;0
266;1;0;0;0;0
267;0;0;0;0;0
268;0;0;0;0;0
269;0;0;0;0;1
270;0;0;0;0;0
271;0;0;0;0;0
272;2;0;0;0;0
273;0;0;0;0;0
274;0;0;0;0;0
275;0;0;0;0;0
276;0;0;0;0;0
277;0;0;0;0;0
278;0;0;0;0;0
279;1;0;0;0;0
280;0;0;0;0;0
281;0;0;0;0;0
282;0;0;0;0;0
283;1;0;0;0;0
284;0;0;0;0;0
285;0;0;0;0;0
286;0;0;0;0;0
287;0;0;0;0;0
288;1;0;0;0;0
289;0;0;0;0;0
290;1;0;0;0;0
291;0;0;0;0;0
292;0;0;0;0;0
293;0;0;0;0;0
294;0;0;0;0;0
295;0;0;0;0;0
296;0;0;0;0;0
297;1;0;0;0;0
298;0;0;0;0;0
299;0;0;0;0;0
300;0;0;0;0;0
301;1;0;0;0;0
302;1;0;0;0;0
303;3;0;0;0;0
304;1;0;0;0;0
305;0;0;0;0;0
306;0;0;0;0;0
307;0;0;0;0;0
308;0;0;0;0;0
309;0;0;0;0;0
310;0;0;0;0;0
311;0;0;0;0;0
312;0;0;0;0;0
313;0;0;0;0;0
314;0;0;0;0;0
315;0;0;0;0;0
316;0;0;0;0;0
317;0;0;0;0;0
318;0;0;0;0;0
319;1;0;0;0;0
320;0;0;0;0;0
321;0;0;0;0;0
322;0;0;0;0;0
323;1;0;0;0;0
324;0;0;0;0;0
325;0;0;0;0;0
326;0;0;0;0;1
327;0;0;0;0;0
328;0;0;0;0;0
329;0;0;0;0;0
330;0;0;0;0;0
331;0;0;0;0;0
332;0;0;0;0;0
333;1;0;0;0;0
334;1;0;0;0;0
335;1;0;0;0;0
336;0;0;0;0;0
337;0;0;0;0;0
338;0;0;0;0;0
339;1;0;0;0;0
340;0;0;0;0;0
341;0;0;0;0;0
342;0;0;0;0;0
343;1;0;0;0;0
344;0;0;0;0;0
345;2;0;0;0;0
346;0;0;0;0;0
347;0;0;0;0;0
348;0;0;0;0;0
349;0;0;0;0;0
350;0;0;0;0;0
351;0;0;0;0;0
352;0;0;0;0;0
353;0;0;0;0;0
354;3;0;0;0;0
355;0;0;0;0;0
356;0;0;0;0;0
357;0;0;0;0;0
358;0;0;0;0;0
359;0;0;0;0;0
360;0;0;0;0;0
361;0;0;0;0;0
362;0;0;0;0;0
363;1;0;0;0;0
364;0;0;0;0;0
365;0;0;0;0;0
366;0;0;0;0;0
367;0;0;0;0;0
368;0;0;0;0;0
369;0;0;0;0;0
370;0;0;0;0;0
371;0;0;0;0;0
372;2;0;0;0;0
373;0;0;0;0;0
374;2;0;2;0;0
375;2;0;0;0;0
376;0;0;0;0;0
377;2;0;0;0;0
378;3;0;0;0;0
379;1;0;0;0;0
380;2;0;1;0;0
381;2;1;0;0;0
382;1;0;0;0;0
383;0;0;0;0;0
384;2;0;0;0;0
385;1;0;0;0;0
386;1;0;0;0;0
387;1;0;0;0;0
388;0;0;0;0;0
389;0;0;0;0;0
390;0;0;0;0;0
391;0;0;0;0;2
392;6;1;0;0;0
393;2;0;0;0;0
394;2;0;0;0;0
395;0;0;0;0;0
396;0;0;0;0;0
397;0;0;0;0;0
398;0;0;0;0;0
399;1;0;0;0;0
400;0;0;0;0;0
401;1;0;1;0;0
402;0;0;0;0;0
403;1;0;0;0;0
404;1;0;0;0;0
405;2;0;0;0;0
406;1;0;0;0;0
407;0;0;7;0;0
408;0;0;0;0;0
409;2;0;0;0;0
410;1;0;0;0;0
411;0;0;0;0;5
412;0;0;0;0;1
413;0;0;0;0;0
414;0;0;0;0;0
415;0;0;0;0;0
416;0;0;0;0;0
417;0;0;0;0;0
418;0;0;0;0;0
419;0;0;0;0;0
420;0;0;0;0;0
421;0;0;0;0;0
422;0;0;0;0;0
423;0;0;0;0;0
424;0;0;0;0;0
425;0;0;0;0;0
426;0;0;0;0;0
427;0;0;0;0;0
428;0;0;0;0;0
429;0;0;0;0;0
430;0;0;0;0;0
431;0;0;0;0;0
432;0;0;0;0;0
433;0;0;0;0;0
434;0;0;0;0;0
435;0;0;0;0;0
436;0;0;0;0;0
437;0;0;0;0;0
438;0;0;0;0;0
439;0;0;0;0;0
440;0;0;0;0;0
441;0;0;0;0;0
442;0;0;0;0;0
443;0;0;0;0;0
444;0;0;0;0;0
445;0;0;0;0;0
446;0;0;0;0;0
447;0;0;0;0;0
448;0;0;0;0;0
449;1;0;0;0;0
450;1;0;0;0;0
451;0;0;0;0;0
452;0;0;0;0;0
453;0;0;0;0;0
454;0;0;0;0;0
455;0;0;0;0;0
456;0;0;0;0;0
457;0;0;0;0;0
458;0;0;0;0;0
459;0;0;0;0;0
460;0;0;0;0;0
461;0;0;0;0;0
462;0;0;0;0;0
463;0;0;0;0;0
464;0;0;0;0;0
465;0;0;0;0;0
466;0;0;0;0;0
467;0;0;0;0;0
468;0;0;0;0;0
469;0;0;0;0;0
470;0;0;0;0;0
471;0;0;0;0;0
472;0;0;0;0;0
473;0;0;0;0;0
474;0;0;0;0;0
475;0;0;0;0;0
476;0;0;0;0;0
477;0;0;0;0;0
478;0;0;0;0;0
479;0;0;0;0;0
480;0;0;0;0;0
481;0;0;0;0;0
482;0;0;0;0;0
483;0;0;0;0;0
484;0;0;0;0;0
485;0;0;0;0;0
486;0;0;0;0;0
487;0;0;0;0;0
488;0;0;0;0;0
489;0;0;0;0;0
490;0;0;0;0;0
491;0;0;0;0;0
492;0;0;0;0;1
493;0;0;0;0;0
494;0;0;0;0;0
495;0;0;0;0;0
496;0;0;0;0;0
497;0;0;0;0;0
498;0;0;0;0;0
499;0;0;0;0;0
500;0;0;0;0;0
501;0;0;0;0;0
502;0;0;0;0;0
503;0;0;0;0;0
504;0;0;0;0;1
505;0;0;0;0;0
506;0;0;0;0;0
507;0;0;0;0;0
508;0;0;0;0;0
509;0;0;0;0;0
510;0;0;0;0;0
511;0;0;0;0;0
512;0;0;0;0;0
513;0;0;0;0;0
514;1;0;0;0;0
515;0;0;0;0;0
516;0;0;0;0;0
517;0;0;0;0;0
518;0;0;0;0;0
519;0;0;0;0;0
520;0;0;0;0;0
521;0;0;0;0;0
522;0;0;0;0;0
523;1;0;0;0;0
524;0;0;0;0;0
525;0;0;0;0;0
526;0;0;0;0;0
527;0;0;0;0;0
528;0;0;0;0;0
529;0;0;0;0;0
530;0;0;0;0;0
531;0;0;0;0;0
532;0;0;0;1;0
533;0;0;0;0;0
534;0;0;0;0;0
535;0;0;0;0;0
536;0;0;0;0;0
537;0;0;0;0;0
538;0;0;0;0;0
539;0;0;0;0;0
540;0;0;0;0;0
541;0;0;0;0;0
542;0;0;0;0;0
543;0;0;0;0;0
544;0;0;0;0;0
545;0;0;0;0;0
546;0;0;0;0;0
547;0;0;0;0;0
548;0;0;0;0;0
549;0;0;0;0;0
550;0;0;0;0;0
551;0;0;0;0;0
552;0;0;0;0;0
553;0;0;0;0;0
554;1;0;0;0;0
555;0;0;0;0;0
556;1;0;0;0;0
557;0;0;0;0;0
558;0;0;0;0;0
559;1;0;0;0;0
560;0;0;0;0;0
561;0;0;0;0;0
562;0;0;0;0;0
563;0;0;0;0;0
564;0;0;0;0;0
565;0;0;0;0;0
566;3;0;0;0;0
567;13;0;0;0;0
568;7;0;0;0;0
569;1;0;0;0;0
570;8;0;0;0;1
571;7;0;0;0;0
572;38;2;0;0;0
573;31;3;0;0;0
574;4;5;0;0;0
575;8;12;4;0;0
576;14;20;13;0;0
577;21;9;12;0;0
578;24;8;8;0;0
579;19;5;0;0;0
580;33;11;2;0;0
581;43;10;5;1;0
582;54;9;12;1;0
583;60;16;12;0;0
584;49;18;12;0;0
585;68;15;12;0;0
586;70;20;10;0;0
587;69;16;7;0;0
588;53;19;13;0;0
589;18;15;1;0;0
590;58;24;8;0;0
591;63;29;17;0;0
592;82;14;12;0;0
593;86;12;14;0;0
594;12;3;4;0;0
595;100;16;6;0;0
596;130;15;3;0;0
597;192;9;7;0;0
598;197;35;7;0;0
599;49;39;6;0;0
600;189;61;29;2;0
601;183;73;38;4;0
602;242;97;44;0;0
603;217;86;64;0;0
604;28;38;26;0;0
605;158;87;53;1;1
606;278;135;71;0;1
607;283;134;92;0;1
608;233;127;109;0;0
609;45;50;25;1;2
610;156;95;72;0;2
611;246;133;95;0;0
612;255;93;95;0;0
613;240;75;96;2;0
614;36;22;25;0;0
615;121;66;55;0;0
616;219;104;83;0;0
617;247;100;88;0;0
618;218;117;85;0;0
619;36;39;16;0;0
620;194;87;72;0;0
621;182;128;79;0;0
622;178;117;88;0;0
623;128;113;98;0;0
624;29;28;26;0;0
625;117;88;75;1;0
626;171;109;88;0;0
627;166;104;78;0;0
628;142;99;74;0;0
629;31;39;37;2;0
630;135;68;83;2;0
631;169;77;79;1;0
632;206;62;74;0;0
633;170;73;75;4;0
634;27;24;13;0;0
635;85;43;37;0;0
636;169;91;60;0;0
637;174;105;74;0;0
638;132;92;87;0;0
639;48;26;44;0;0
640;87;81;65;0;0
641;136;83;97;0;0
642;107;77;96;0;0
643;99;73;101;3;0
644;16;12;32;0;0
645;53;51;56;1;1
646;118;44;82;0;0
647;109;69;82;0;4
648;106;68;68;1;1
649;21;23;18;1;1
650;48;31;44;2;0
651;44;32;52;1;0
652;27;33;44;0;1
653;23;29;54;2;1
654;12;9;19;0;0
655;39;14;26;0;0
656;40;18;12;1;0
657;22;11;0;0;0
658;25;9;3;0;0
659;1;3;1;0;0
660;5;9;5;0;0
661;19;9;12;0;0
662;37;20;28;0;0
663;37;10;32;0;0
664;5;3;5;1;0
665;21;4;11;1;0
666;53;20;18;0;0
667;62;28;23;0;0
668;35;35;38;0;0
669;4;9;8;0;0
670;18;17;16;0;0
671;39;25;34;0;0
672;43;18;37;1;0
673;50;21;29;2;0
674;11;8;4;0;0
675;50;31;29;0;0
676;61;48;29;1;0
677;92;80;38;2;0
678;68;64;46;0;0
679;21;18;19;0;0
680;46;50;57;0;2
681;63;56;43;0;0
682;75;80;46;0;0
683;52;83;65;0;1
684;11;17;25;0;1
685;52;23;59;3;5
686;65;37;51;2;6
687;58;39;38;0;4
688;47;34;32;0;2
689;3;3;9;0;0
690;38;16;19;0;0
691;72;52;31;0;0
692;80;72;55;0;0
693;62;51;60;3;0
694;8;10;23;0;0
695;48;37;38;0;0
696;54;53;35;0;3
697;49;42;41;0;2
698;50;25;45;2;7
699;17;10;16;0;2
700;29;24;28;0;0
701;43;34;32;0;0
702;50;47;39;3;0
703;45;44;42;0;0
704;5;9;7;0;0
705;22;33;22;0;0
706;14;33;21;0;1
707;40;55;37;0;0
708;33;34;30;1;0
709;19;14;21;0;0
710;27;27;26;0;0
711;36;27;28;0;0
712;51;26;24;0;0
713;20;26;16;0;0
714;13;5;5;0;0
715;20;10;0;0;0
716;23;19;5;0;0
717;51;42;15;0;0
718;49;48;20;0;0
719;42;34;18;0;0
720;78;65;49;3;0
721;102;67;57;0;0
722;80;59;46;0;0
723;61;63;52;0;0
724;22;22;14;0;0
725;74;67;56;1;0
726;62;69;49;0;0
727;152;77;40;0;0
728;129;71;54;0;0
729;30;18;9;1;1
730;127;91;67;0;0
731;150;103;77;0;2
732;182;123;115;0;0
733;148;143;118;0;0
734;25;21;12;0;2
735;73;104;147;3;8
736;46;126;129;0;0
737;19;106;143;0;12
738;16;73;125;0;7
739;1;8;30;0;0
740;2;8;53;2;3
741;1;7;14;0;9
742;1;0;0;0;1
743;1;0;0;0;6
744;2;0;0;0;0
745;1;0;0;0;0
746;1;0;0;0;4
747;0;3;2;0;4
748;0;5;1;3;1
749;1;1;0;0;0
750;0;0;0;0;0
751;2;0;3;0;1
752;3;0;0;0;0
753;0;0;1;1;2
754;1;0;0;0;0
755;1;0;0;0;0
756;1;0;0;0;3
757;2;0;0;0;9
758;0;0;0;0;12
759;0;0;0;0;0
760;0;0;0;1;0
761;0;0;0;1;6
762;2;0;0;1;7
763;1;0;1;0;12
764;0;0;0;0;0
765;0;0;1;0;0
766;2;2;1;1;3
767;0;2;1;2;10
768;0;0;1;0;15
769;0;0;2;0;0
770;0;1;0;0;8
771;1;0;0;0;16
772;0;0;0;4;14
773;0;0;0;7;15
774;0;0;0;0;0
775;0;0;1;1;28
776;1;0;0;0;19
777;1;0;0;0;24
778;1;0;1;1;25
779;0;0;0;0;4
780;0;0;0;0;11
781;0;0;0;0;26
782;0;1;0;5;23
783;0;0;0;0;19
784;0;0;0;0;1
785;0;0;0;5;7
786;1;0;0;0;13
787;0;0;0;0;18
788;1;6;0;8;13
789;0;0;0;0;3
790;0;0;0;0;15
791;0;0;0;4;7
792;0;0;0;0;7
793;1;0;0;0;4
794;0;0;0;0;0
795;1;0;0;0;1
796;0;0;0;0;13
797;0;0;0;0;9
798;0;0;0;0;7
799;0;0;0;0;3
800;1;0;0;0;2
801;0;0;0;0;2
802;2;0;0;0;4
803;0;0;0;0;7
804;1;0;0;0;1
805;0;0;0;0;2
806;2;4;0;0;0
807;1;0;0;0;2
808;0;0;0;0;1
809;1;0;0;0;3
810;0;0;0;0;1
811;0;0;0;2;5
812;1;0;0;0;6
813;0;0;0;0;7
814;0;0;0;0;2
815;0;0;0;0;6
816;0;0;0;0;10
817;2;0;0;0;16
818;0;0;0;2;7
819;1;0;0;0;1
820;1;0;0;0;4
821;0;0;0;0;0
822;0;0;0;0;4
823;0;0;0;0;8
824;1;0;0;0;2
825;0;2;0;0;4
826;0;0;0;0;12
827;1;0;0;0;16
828;4;0;0;3;10
829;1;0;0;0;9
830;0;0;0;0;9
831;0;0;0;0;6
832;0;0;0;0;5
833;0;0;0;0;17
834;0;0;0;0;0
835;0;0;1;0;2
836;3;0;0;0;10
837;4;0;1;0;16
838;1;0;0;4;12
839;1;0;0;0;4
840;0;0;0;2;3
841;0;0;0;0;14
842;0;0;0;0;5
843;0;0;0;0;11
844;1;0;0;2;0
845;1;0;2;0;3
846;0;0;0;4;3
847;1;0;2;1;12
848;0;0;0;0;10
849;0;0;0;0;0
850;1;0;0;0;8
851;0;0;0;0;17
852;2;0;0;3;15
853;2;0;0;0;13
854;0;0;0;0;3
855;0;0;1;2;10
856;0;0;0;0;10
857;0;0;0;0;18
858;0;0;2;5;19
859;1;0;0;0;1
860;5;0;0;0;8
861;0;0;0;1;12
862;0;1;0;0;12
863;0;1;0;0;9
864;0;0;0;0;0
865;0;0;1;0;9
866;1;0;1;3;21
867;1;0;3;6;23
868;1;0;0;7;7
869;0;0;0;1;6
870;1;0;0;0;18
871;2;0;0;1;17
872;1;0;0;14;6
873;1;0;0;10;17
874;0;0;0;0;1
875;0;2;0;0;6
876;0;0;0;1;26
877;0;0;0;2;25
878;0;0;0;3;26
879;0;0;0;0;7
880;1;0;0;0;29
881;1;0;0;0;29
882;0;0;0;4;24
883;0;0;0;0;18
884;1;0;0;2;6
885;1;0;0;0;15
886;0;0;0;0;30
887;2;0;0;0;14
888;0;0;7;7;11
889;0;0;0;0;3
890;0;2;0;0;13
891;1;0;3;4;17
892;0;0;0;0;24
893;0;0;9;2;15
894;1;0;0;0;7
895;1;0;0;11;2
896;1;3;0;1;23
897;0;0;1;0;11
898;0;0;0;1;12
899;0;0;3;0;8
900;3;0;0;2;6
901;1;0;0;3;16
902;1;0;0;0;16
903;0;0;0;0;20
904;1;0;0;0;0
905;1;0;0;0;12
906;0;0;0;3;21
907;0;0;0;0;29
908;2;0;0;2;30
909;0;0;0;3;3
910;0;0;0;0;13
911;0;0;0;0;25
912;0;0;0;0;6
913;0;0;0;0;7
914;2;0;0;0;2
915;0;2;0;0;11
916;0;0;0;0;13
917;0;0;0;2;21
918;0;5;3;6;19
919;2;0;0;0;3
920;0;0;0;0;24
921;3;0;0;6;37
922;0;0;1;2;29
923;0;0;0;0;24
924;0;0;0;2;12
925;1;0;0;1;18
926;0;0;0;2;42
927;0;0;0;1;35
928;1;0;0;0;27
929;1;0;0;1;12
930;2;0;0;1;16
931;0;0;0;0;33
932;0;0;0;1;17
933;3;0;0;0;15
934;0;0;0;2;6
935;0;0;0;0;4
936;0;0;0;0;19
937;1;0;0;0;11
938;0;1;0;0;8
939;2;0;0;0;5
940;0;0;0;0;6
941;2;0;2;0;11
942;0;0;2;0;7
943;0;0;3;2;5
944;1;0;1;0;7
945;1;3;0;0;2
946;0;0;3;0;1
947;2;0;0;3;13
948;1;0;0;2;14
949;5;0;0;8;6
950;0;0;0;0;12
951;2;0;0;0;22
952;1;0;0;0;17
953;0;0;0;2;10
954;3;1;0;3;15
955;2;0;1;5;6
956;2;4;2;1;1
957;3;0;4;0;13
958;2;0;0;1;16
959;1;0;0;1;17
960;0;1;1;3;5
961;4;0;1;8;23
962;5;0;0;1;25
963;4;0;0;0;22
964;2;0;0;4;28
965;2;0;0;0;2
966;1;0;0;0;17
967;1;0;0;1;20
968;0;0;0;0;22
969;1;0;0;6;14
970;1;0;0;0;9
971;2;0;0;0;22
972;0;0;0;0;18
973;0;0;0;0;18
974;5;1;0;3;8
975;0;0;0;0;0
976;0;0;0;0;3
977;0;0;0;0;11
978;0;0;0;0;13
979;0;0;8;4;11
980;1;0;0;0;2
981;0;0;0;0;2
982;0;0;0;0;10
983;0;0;0;0;11
984;0;0;0;0;8
985;0;0;0;0;2
986;0;0;0;0;6
987;0;0;0;0;27
988;0;0;0;0;28
989;7;0;0;1;26
990;2;0;0;0;2
991;1;1;0;2;8
992;1;1;0;1;16
993;0;0;0;0;16
994;0;0;0;0;12
995;1;0;0;0;1
996;0;0;0;0;11
997;2;2;0;8;20
998;0;2;1;2;12
999;1;0;2;0;19
1000;0;0;0;0;8
1001;0;0;0;6;10
1002;2;0;0;8;15
1003;0;0;10;8;4
1004;13;3;0;6;13
1005;3;0;0;3;2
1006;0;0;5;1;7
1007;0;0;0;0;11
1008;1;0;0;0;11
1009;0;0;0;0;12
1010;1;0;0;0;3
1011;0;0;0;0;3
1012;0;0;0;1;3
1013;0;0;0;0;6
1014;0;0;0;0;11
1015;1;0;0;0;6
1016;1;0;0;0;7
1017;1;0;0;0;16
1018;1;0;0;0;16
1019;8;0;2;0;11
1020;0;0;0;0;9
1021;0;0;0;0;13
1022;0;0;0;4;12
1023;0;0;0;0;1
1024;0;0;0;0;0
1025;0;0;0;0;0
1026;1;0;0;0;4
1027;2;0;0;0;10
1028;3;0;0;0;22
1029;0;0;0;0;17
1030;4;0;1;1;11
1031;2;0;0;0;7
1032;0;0;0;1;8
1033;0;0;0;0;12
1034;0;0;0;0;17
1035;2;0;0;0;2
1036;1;0;0;0;0
1037;0;0;0;1;4
1038;0;0;0;0;7
1039;1;0;0;3;11
1040;6;0;0;0;8
1041;2;0;0;0;5
1042;2;0;0;0;7
1043;0;0;0;0;3
1044;0;0;0;0;8
1045;1;0;0;0;0
1046;0;0;0;3;0
1047;1;0;0;0;3
1048;1;0;0;0;11
1049;0;0;0;0;14
1050;1;0;0;0;10
1051;1;0;0;0;6
1052;0;0;0;0;5
1053;0;0;0;0;3
1054;1;0;0;0;4
1055;0;0;0;3;1
1056;0;0;0;0;0
1057;0;0;0;0;4
1058;0;0;0;0;12
1059;1;0;0;0;7
1060;0;0;0;0;9
1061;0;0;0;0;3
1062;0;0;0;0;4
1063;0;0;0;0;6
1064;1;0;0;0;5
1065;0;1;0;0;8
1066;0;3;0;0;4
1067;0;0;3;0;2
1068;0;0;0;4;4
1069;0;0;0;0;11
1070;1;0;0;0;7
1071;0;0;0;0;5
1072;0;0;0;0;12
1073;1;0;0;0;6
1074;0;3;0;0;6
1075;3;0;3;0;3
1076;0;0;0;0;3
1077;0;0;0;0;3
1078;7;0;0;1;3
1079;4;0;0;2;8
1080;3;0;3;0;7
1081;1;0;0;0;4
1082;2;0;0;0;3
1083;1;0;0;1;5
1084;0;0;2;1;4
1085;1;0;0;0;7
1086;0;0;0;0;0
1087;2;0;0;0;3
1088;1;0;0;0;7
1089;0;0;0;3;6
1090;0;0;0;0;8
1091;0;0;0;0;7
1092;2;0;0;0;3
1093;0;0;0;0;2
1094;0;0;0;0;2
1095;0;0;4;0;5
1096;0;0;0;0;2
1097;2;0;0;1;7
1098;1;0;3;3;5
1099;1;0;0;0;9
1100;0;0;0;0;13
1101;0;0;0;0;12
1102;0;0;0;0;5
1103;0;0;0;0;8
1104;0;0;0;0;4
1105;0;0;0;0;5
1106;0;0;0;0;4
1107;0;0;1;7;7
1108;2;0;0;0;6
1109;1;0;1;0;3
1110;0;0;0;0;5
1111;0;0;0;0;6
1112;0;0;0;0;10
1113;0;0;2;0;3
1114;0;0;0;0;0
1115;0;0;0;0;1
1116;2;0;5;0;0
1117;1;0;0;0;0
1118;0;0;0;0;0
1119;0;0;0;0;6
1120;1;0;0;0;2
1121;0;0;0;0;9
1122;3;2;0;7;3
1123;0;0;0;1;3
1124;1;0;0;0;2
1125;0;0;0;0;4
1126;2;0;3;0;3
1127;3;0;0;0;2
1128;0;0;0;1;15
1129;0;0;0;0;8
1130;0;0;0;0;16
1131;1;0;0;0;11
1132;1;0;0;0;4
1133;0;0;0;2;7
1134;0;1;0;0;5
1135;0;0;0;1;7
1136;2;0;0;5;1
1137;0;0;0;0;2
1138;2;0;0;0;12
1139;1;0;0;0;14
1140;0;0;0;0;15
1141;0;1;2;2;0
1142;1;0;2;3;15
1143;0;0;0;3;20
1144;0;0;3;4;10
1145;3;0;0;4;6
1146;2;0;0;0;9
1147;2;0;0;0;16
1148;0;0;0;8;11
1149;0;0;0;0;12
1150;0;0;0;0;7
1151;0;0;0;0;2
1152;1;0;0;0;2
1153;0;0;0;0;1
1154;0;0;0;0;8
1155;0;0;0;0;5
1156;0;0;0;0;1
1157;3;0;2;0;8
1158;1;0;0;0;11
1159;1;0;1;0;10
1160;0;0;0;0;13
1161;2;0;0;0;7
1162;0;2;0;5;11
1163;0;0;2;0;10
1164;0;0;0;2;6
1165;0;0;0;3;12
1166;1;0;0;0;4
1167;0;0;1;5;5
1168;0;0;4;4;11
1169;1;3;0;6;11
1170;0;0;2;1;10
1171;0;0;2;4;6
1172;2;0;0;0;6
1173;2;0;0;1;7
1174;1;0;0;0;3
1175;0;0;0;0;5
1176;0;0;0;3;9
1177;0;0;0;0;3
1178;0;0;0;0;5
1179;0;0;0;0;17
1180;0;0;2;3;15
1181;0;0;0;0;14
1182;1;0;0;0;5
1183;1;0;0;2;7
1184;0;0;0;0;11
1185;0;0;0;0;9
1186;0;0;0;0;12
1187;0;0;0;0;1
1188;0;0;0;0;3
1189;1;0;0;0;8
1190;0;0;0;0;12
1191;0;0;0;0;10
1192;0;0;0;0;2
1193;3;0;0;0;3
1194;0;0;3;0;5
1195;0;0;3;0;10
1196;0;0;3;0;10
1197;0;0;0;3;2
1198;0;0;0;0;7
1199;2;0;0;0;13
1200;1;0;0;0;14
1201;0;0;0;0;14
1202;0;0;0;0;3
1203;2;0;0;0;6
1204;1;1;0;1;8
1205;0;3;1;1;11
1206;0;2;0;0;10
1207;0;0;1;6;0
1208;6;0;1;0;1
1209;1;0;1;0;4
1210;0;0;1;1;2
1211;2;0;0;2;3
1212;0;0;0;0;0
1213;2;0;0;3;0
1214;4;0;1;3;1
1215;1;0;2;2;4
1216;2;0;1;1;5
1217;3;0;0;0;4
1218;4;0;0;1;2
1219;6;0;0;0;1
1220;8;0;0;0;3
1221;5;0;0;0;3
1222;13;0;0;1;2
1223;8;0;0;1;3
1224;12;0;0;2;6
1225;20;1;0;3;4
1226;26;0;1;2;1
1227;11;0;0;2;2
1228;9;0;0;0;1
1229;11;0;2;1;1
1230;16;0;0;0;0
1231;13;0;3;0;0
1232;27;0;1;2;0
1233;2;0;0;2;0
1234;6;1;2;1;1
1235;7;0;0;1;0
1236;6;0;0;0;3
1237;3;0;0;0;1
1238;2;4;2;0;3
1239;2;0;0;0;0
1240;1;1;0;0;7
1241;2;0;0;0;4
1242;1;0;0;2;4
1243;0;0;0;3;0
1244;0;0;0;3;0
1245;0;0;0;5;2
1246;1;0;0;5;2
1247;0;0;0;0;3
1248;0;0;0;0;3
1249;1;0;0;1;0
1250;1;0;0;0;0
1251;2;0;0;2;0
1252;2;0;0;2;0
1253;0;0;0;1;0
1254;1;0;0;0;0
1255;5;0;0;1;0
1256;2;0;0;2;0
1257;2;0;0;0;3
1258;7;0;0;0;2
1259;2;0;0;0;3
1260;2;0;0;0;0
1261;0;0;0;0;2
1262;1;0;0;2;2
1263;2;0;0;0;1
1264;7;0;0;2;0
1265;2;0;0;2;1
1266;0;0;0;5;3
1267;0;0;0;2;3
1268;9;0;0;0;1
1269;11;1;0;0;8
1270;2;1;0;4;5
1271;2;0;1;2;1
1272;0;0;0;0;2
1273;4;0;0;0;0
1274;2;1;0;0;1
1275;2;0;0;2;0
1276;2;0;0;5;0
1277;0;0;0;2;2
1278;0;0;0;0;1
1279;1;0;0;1;2
1280;1;0;0;5;8
1281;2;0;0;10;4
1282;3;0;0;6;10
1283;0;0;0;1;8
1284;1;0;0;0;5
1285;2;0;0;1;4
1286;2;0;0;2;1
1287;1;0;0;1;1
1288;0;0;0;0;1
1289;3;0;0;0;0
1290;0;0;0;0;0
1291;1;0;1;0;2
1292;1;0;0;0;0
1293;0;0;1;0;0
1294;1;0;0;0;0
1295;2;0;0;0;0
1296;1;0;0;0;0
1297;0;0;0;0;0
1298;0;0;0;0;0
1299;1;0;0;0;0
1300;3;0;0;0;0
1301;5;1;0;0;0
1302;2;4;1;0;0
1303;3;0;1;0;0
1304;2;0;0;0;0
1305;5;0;0;0;0
1306;2;0;0;0;0
1307;3;0;0;0;0
1308;2;0;0;0;0
1309;2;0;0;0;0
1310;3;0;0;1;1
1311;1;0;0;1;0
1312;1;1;0;0;0
1313;0;0;0;0;1
1314;2;0;0;0;1
1315;5;0;0;0;2
1316;1;1;2;0;1
1317;1;0;1;0;0
1318;1;0;0;0;0
1319;1;0;0;0;0
1320;0;1;2;0;0
1321;1;0;0;0;0
1322;2;0;0;0;0
1323;0;0;0;2;0
1324;1;0;0;2;2
1325;1;0;0;2;3
1326;1;0;0;2;3
1327;3;0;0;1;1
1328;0;0;0;0;0
1329;3;0;1;0;0
1330;2;0;0;0;0
1331;3;0;0;0;0
1332;2;0;0;0;1
1333;2;0;0;0;0
1334;1;4;0;0;0
1335;2;0;0;0;0
1336;0;0;0;0;0
1337;0;0;0;0;0
1338;0;0;0;0;0
1339;0;0;0;0;0
1340;0;0;0;0;0
1341;3;0;0;0;0
1342;2;0;0;0;0
1343;0;0;0;0;0
1344;0;0;0;0;0
1345;2;0;0;0;0
1346;0;0;0;0;0
1347;2;0;0;0;0
1348;0;0;0;0;0
1349;2;0;0;0;0
1350;2;0;0;0;0
1351;0;0;0;0;0
1352;0;0;0;0;0
1353;3;0;0;0;0
1354;1;0;0;0;0
1355;2;0;0;0;0
1356;0;0;0;0;0
1357;1;0;0;0;0
1358;0;0;0;0;0
1359;3;0;0;0;0
1360;1;0;0;0;0
1361;4;0;0;0;0
1362;1;0;0;2;0
1363;6;0;0;1;0
1364;0;0;0;0;0
1365;2;0;0;0;0
1366;1;0;0;0;0
1367;1;0;0;0;0
1368;5;0;0;0;0
1369;3;0;0;0;0
1370;0;0;0;0;0
1371;2;0;0;0;0
1372;0;0;0;0;0
1373;1;0;0;0;0
1374;0;0;0;0;0
1375;1;0;0;0;0
1376;2;0;3;0;0
1377;4;0;0;0;0
1378;1;0;0;0;0
1379;4;0;0;0;0
1380;0;0;0;0;0
1381;0;0;0;0;0
1382;2;0;0;0;0
1383;3;0;0;0;0
1384;1;0;0;0;0
1385;1;0;0;0;0
1386;0;0;0;0;0
1387;4;0;0;0;0
1388;0;0;0;0;0
1389;1;0;0;0;0
1390;0;0;0;0;0
1391;1;0;0;0;0
1392;1;0;0;0;0
1393;1;0;0;0;0
1394;4;0;0;0;0
1395;0;0;0;0;0
1396;0;0;0;0;0
1397;0;0;0;0;0
1398;0;0;0;0;0
1399;1;0;0;0;0
1400;0;0;0;0;0
1401;1;0;0;0;0
1402;0;0;0;0;0
1403;0;0;0;0;0
1404;1;0;0;0;0
1405;0;0;0;0;0
1406;0;0;0;0;0
1407;1;0;0;0;0
1408;0;0;0;0;0
1409;0;0;0;0;0
1410;0;0;0;0;0
1411;0;0;0;0;0
1412;0;0;0;0;0
1413;0;0;0;0;0
1414;1;0;0;0;0
1415;1;0;0;0;0
1416;2;0;0;0;0
1417;2;0;0;0;0
1418;3;0;0;0;0
1419;5;0;0;0;0
1420;3;0;0;0;0
1421;4;0;0;0;0
1422;2;2;0;0;0
1423;0;0;1;0;0
1424;1;0;4;0;0
1425;0;0;1;2;0
1426;2;0;0;1;0
1427;0;0;0;1;0
1428;0;0;0;1;1
1429;1;0;0;0;0
1430;0;0;0;0;2
1431;3;0;0;0;0
1432;0;0;0;0;0
1433;0;0;0;0;0
1434;0;0;0;0;0
1435;1;0;0;0;0
1436;4;0;0;0;0
1437;8;0;0;0;0
1438;2;0;0;0;0
1439;8;0;0;1;0
1440;5;0;0;0;2
1441;3;0;0;0;3
1442;10;0;0;1;2
1443;6;0;0;1;2
1444;10;0;0;3;0
1445;6;0;1;0;0
1446;5;0;0;2;2
1447;6;0;0;2;4
1448;5;0;1;0;2
1449;11;0;0;2;1
1450;5;0;0;0;3
1451;2;0;0;1;3
1452;6;0;0;1;5
1453;9;0;0;0;4
1454;6;1;0;7;2
1455;4;0;1;6;3
1456;3;0;0;0;0
1457;1;0;1;1;3
1458;2;0;0;0;2
1459;4;0;0;0;4
1460;4;0;0;0;1
1461;1;0;0;1;0
1462;3;0;0;1;1
1463;2;0;1;0;2
1464;2;0;0;0;1
1465;5;0;1;2;0
1466;5;0;0;0;0
1467;2;0;0;0;0
1468;3;0;0;0;0
1469;3;0;0;0;3
1470;0;0;0;0;6
1471;0;0;2;0;5
1472;1;0;0;2;4
1473;0;0;1;1;0
1474;2;0;0;0;0
1475;0;0;0;0;0
1476;3;0;0;2;0
1477;5;0;0;0;0
1478;1;0;0;0;0
1479;3;0;0;0;0
1480;0;0;0;3;1
1481;0;0;0;2;3
1482;2;0;0;1;6
1483;0;0;0;0;6
1484;3;0;0;0;8
1485;0;0;1;0;3
1486;1;0;0;0;2
1487;0;0;0;0;0
1488;0;0;0;0;0
1489;0;0;0;2;2
1490;1;0;1;2;0
1491;0;0;0;3;0
1492;0;0;0;1;0
1493;0;0;0;0;1
1494;0;0;0;0;2
1495;0;0;0;0;0
1496;0;0;0;0;0
1497;0;0;0;0;0
1498;0;0;0;0;0
1499;0;0;0;0;1
1500;0;0;0;1;0
1501;0;0;1;0;0
1502;0;0;0;0;0
1503;0;0;0;0;0
1504;0;0;0;0;0
1505;2;0;0;0;0
1506;6;0;0;0;0
1507;0;0;0;0;0
1508;1;0;0;0;0
1509;3;0;0;0;0
1510;2;0;0;0;0
1511;2;0;0;0;0
1512;0;0;0;0;0
1513;1;0;0;0;0
1514;3;2;0;0;0
1515;0;0;1;0;0
1516;0;0;1;0;0
1517;0;0;0;3;0
1518;3;0;0;3;0
1519;9;0;0;3;0
1520;6;3;0;0;4
1521;6;6;0;1;7
1522;6;3;3;0;2
1523;3;3;4;0;4
1524;0;6;1;3;6
1525;0;3;6;5;3
1526;1;0;4;5;2
1527;0;0;0;2;6
1528;0;0;0;3;12
1529;2;0;0;2;11
1530;0;0;0;3;10
1531;0;0;0;1;8
1532;0;1;0;0;2
1533;0;0;0;0;2
1534;0;2;0;0;3
1535;0;0;0;0;3
1536;0;0;3;2;1
1537;1;1;0;0;0
1538;1;0;0;0;0
1539;1;0;0;0;0
1540;1;0;2;5;0
1541;0;0;0;1;1
1542;0;0;0;1;2
1543;0;0;3;3;0
1544;2;0;0;4;0
1545;5;0;0;0;0
1546;3;0;0;0;0
1547;2;0;0;0;0
1548;5;0;0;0;0
1549;5;0;0;1;0
1550;0;5;0;5;0
1551;0;1;0;3;0
1552;1;0;0;3;0
1553;0;0;1;0;0
1554;0;0;0;0;0
1555;0;0;0;0;3
1556;0;0;0;0;0
1557;0;0;0;0;0
1558;0;0;0;1;0
1559;0;0;0;0;1
1560;0;0;0;0;0
1561;0;0;0;1;1
1562;0;0;0;0;7
1563;0;0;0;3;0
1564;0;0;0;3;1
1565;0;0;0;3;1
1566;0;0;0;1;0
1567;0;0;0;0;2
1568;0;0;0;0;0
1569;0;0;0;0;3
1570;0;0;0;1;2
1571;0;0;0;0;2
1572;0;0;0;0;1
1573;0;0;0;1;2
1574;1;0;0;0;6
1575;1;0;0;1;3
1576;0;0;0;0;0
1577;1;0;0;2;1
1578;0;0;0;1;2
1579;0;0;0;1;5
1580;3;0;0;1;3
1581;3;0;0;0;4
1582;2;0;0;0;0
1583;0;0;0;0;1
1584;0;0;0;0;1
1585;1;0;0;0;0
1586;0;0;0;0;1
1587;0;0;0;0;0
1588;0;0;0;0;0
1589;2;0;0;0;0
1590;1;0;0;0;0
1591;1;0;0;0;0
1592;0;0;0;0;0
1593;0;0;0;0;0
1594;1;0;0;0;0
1595;1;0;0;0;0
1596;0;0;0;0;0
1597;0;0;0;0;0
1598;0;0;0;0;0
1599;0;0;0;0;0
1600;0;0;0;0;0
1601;0;0;0;0;0
1602;0;0;0;0;0
1603;0;0;0;0;0
1604;0;0;0;0;0
1605;0;0;0;0;0
1606;0;0;0;1;0
1607;0;0;0;0;1
1608;1;0;0;0;0
1609;0;0;0;0;0
1610;0;0;0;0;0
1611;0;0;0;1;0
1612;0;0;0;2;0
1613;0;0;0;0;0
1614;1;0;0;0;0
1615;0;0;0;0;0
1616;0;0;0;0;0
1617;0;0;0;0;0
1618;0;0;0;0;0
1619;0;0;0;0;0
1620;1;0;0;0;0
1621;0;0;0;0;0
1622;0;0;0;0;0
1623;0;0;0;0;0
1624;0;0;0;0;0
1625;0;0;0;0;0
1626;0;0;0;0;0
1627;0;0;0;0;0
1628;0;0;0;0;0
1629;0;0;0;0;0
1630;0;0;0;0;0
1631;1;0;0;0;1
1632;0;0;1;2;0
1633;0;0;1;0;0
1634;0;0;0;0;0
1635;1;0;0;2;0
1636;0;0;0;0;0
1637;0;0;0;0;0
1638;0;0;0;0;0
1639;0;0;0;0;0
1640;1;0;0;0;0
1641;1;0;0;0;0
1642;0;0;0;0;0
1643;0;0;0;0;0
1644;1;0;0;0;0
1645;0;0;0;0;0
1646;3;0;0;0;0
1647;0;0;0;0;0
1648;1;0;0;0;0
1649;0;0;0;0;0
1650;1;0;0;0;0
1651;0;0;0;0;0
1652;1;0;0;0;0
1653;0;0;0;0;0
1654;0;0;0;0;0
1655;1;0;0;0;0
1656;0;0;0;0;0
1657;0;0;0;0;0
1658;0;0;0;0;0
1659;0;0;0;0;0
1660;0;0;0;0;0
1661;0;0;0;0;0
1662;1;0;0;0;0
1663;0;0;0;0;0
1664;0;0;0;0;1
1665;0;0;0;0;0
1666;1;0;0;0;0
1667;3;0;0;0;0
1668;0;0;0;0;0
1669;0;0;0;0;0
1670;1;0;0;0;0
1671;2;0;0;0;0
1672;1;0;0;0;0
1673;0;0;0;0;0
1674;0;0;0;0;0
1675;1;0;0;0;0
1676;4;0;0;0;0
1677;4;0;0;0;0
1678;1;0;0;0;0
1679;4;0;0;0;0
1680;4;0;0;0;0
1681;5;0;0;0;0
1682;2;0;0;0;0
1683;1;0;0;0;0
1684;1;0;0;0;0
1685;1;0;0;0;0
1686;1;0;0;0;0
1687;2;0;0;0;0
1688;0;0;0;0;0
1689;1;0;0;0;0
1690;1;0;0;0;0
1691;1;0;0;0;0
1692;0;0;0;0;0
1693;0;0;0;0;0
1694;0;0;0;0;0
1695;0;0;0;0;0
1696;0;0;0;0;0
1697;1;0;0;0;0
1698;0;0;0;0;0
1699;1;0;0;0;0
1700;1;0;0;0;0
1701;0;0;0;0;0
1702;3;0;0;0;0
1703;1;0;0;0;0
1704;1;0;0;0;0
1705;1;0;0;0;0
1706;1;0;0;0;0
1707;1;0;0;0;0
1708;2;0;0;0;0
1709;2;0;0;0;0
1710;0;0;0;0;0
1711;0;0;0;0;0
1712;0;0;0;0;0
1713;0;0;0;0;0
1714;0;0;0;0;0
1715;0;0;0;0;0
1716;0;0;0;0;0
1717;0;0;0;0;0
1718;0;0;0;0;0
1719;1;0;0;0;0
1720;0;0;0;0;0
1721;2;0;0;0;0
1722;0;0;0;0;0
1723;1;0;0;0;0
1724;0;0;0;0;0
1725;0;0;0;0;0
1726;0;0;0;0;0
1727;0;0;0;0;0
1728;0;0;0;0;0
1729;0;0;0;0;0
1730;2;0;0;0;0
1731;3;0;0;0;0
1732;1;0;0;0;0
1733;1;0;0;0;0
1734;0;0;0;0;0
1735;2;0;0;0;0
1736;0;0;0;0;0
1737;0;0;0;0;0
1738;1;0;0;0;0
1739;0;0;0;0;0
1740;0;0;0;0;0
1741;0;0;0;0;0
1742;1;0;0;0;0
1743;1;0;0;0;1
1744;1;0;0;0;0
1745;2;0;0;0;0
1746;0;0;0;0;0
1747;1;0;0;0;0
1748;0;0;0;0;0
1749;0;0;0;0;0
1750;1;0;0;0;0
1751;1;0;0;0;0
1752;1;0;0;0;0
1753;0;0;0;0;0
1754;0;0;0;0;0
1755;0;0;0;0;0
1756;0;0;0;0;0
1757;0;0;0;0;0
1758;0;0;0;0;0
1759;0;0;0;0;0
1760;0;0;0;0;0
1761;0;0;0;0;1
1762;0;0;0;0;0
1763;1;0;0;0;0
1764;1;0;0;0;0
1765;0;0;0;0;0
1766;1;0;0;0;0
1767;0;0;0;0;0
1768;0;0;0;0;0
1769;0;0;0;0;0
1770;0;0;0;0;0
1771;1;0;0;0;0
1772;1;0;0;0;0
1773;0;0;0;0;0
1774;0;0;0;0;0
1775;0;0;0;0;0
1776;0;1;0;0;0
1777;0;0;0;0;0
1778;1;0;0;0;0
1779;0;0;0;0;0
1780;1;0;0;0;0
1781;0;0;0;0;0
1782;0;0;0;0;0
1783;0;0;0;0;0
1784;1;0;0;0;0
1785;0;0;0;0;0
1786;0;0;0;0;0
1787;0;0;0;0;0
1788;1;0;0;0;0
1789;0;0;0;0;0
1790;1;0;0;0;0
1791;0;0;0;0;0
1792;0;0;0;0;0
1793;1;0;0;0;0
1794;0;0;0;0;0
1795;0;0;0;0;0
1796;1;0;0;0;0
1797;0;0;0;0;0
1798;1;0;0;0;0
1799;0;0;0;0;0
1800;0;0;0;0;0
1801;1;0;0;0;0
1802;0;0;0;0;0
1803;1;0;0;0;0
1804;0;0;0;0;0
1805;0;0;0;0;0
1806;0;0;0;0;0
1807;0;0;0;0;0
1808;1;0;0;0;0
1809;1;0;0;0;0
1810;1;0;0;0;0
1811;1;0;0;0;0
1812;0;0;0;0;0
1813;0;0;0;0;0
1814;0;0;0;0;0
1815;0;0;0;0;0
1816;1;0;0;0;0
1817;1;0;0;0;0
1818;0;0;0;0;0
1819;1;0;0;0;0
1820;1;0;0;0;0
1821;0;0;0;0;0
1822;0;0;0;0;0
1823;0;0;0;0;0
1824;1;0;0;0;0
1825;1;0;0;0;0
1826;0;0;0;0;0
1827;0;0;0;0;0
1828;1;0;0;0;0
1829;0;0;0;0;0
1830;1;0;0;0;0
1831;1;0;0;0;0
1832;0;0;0;0;0
1833;0;0;0;0;0
1834;0;0;0;0;0
1835;1;0;0;0;0
1836;1;0;0;0;0
1837;0;0;0;0;0
1838;1;0;0;0;0
1839;0;0;0;0;0
1840;0;0;0;0;0
1841;3;0;0;0;0
1842;0;0;0;1;0
1843;7;0;0;0;0
1844;0;0;0;0;0
1845;1;0;0;0;0
1846;0;0;0;0;0
1847;0;0;0;0;0
1848;0;0;0;0;0
1849;2;0;0;0;0
1850;5;0;0;0;0
1851;1;0;0;0;0
1852;1;0;0;1;0
1853;1;0;0;1;0
1854;0;0;0;1;0
1855;1;0;0;1;0
1856;0;0;0;0;0
1857;4;0;0;0;0
1858;0;0;0;0;0
1859;3;0;0;0;0
1860;0;0;0;0;0
1861;2;0;0;0;0
1862;0;0;0;1;0
1863;0;0;0;0;0
1864;0;0;0;0;0
1865;1;0;0;0;0
1866;1;0;0;0;0
1867;0;0;0;0;0
1868;2;0;0;0;0
1869;2;0;0;0;0
1870;0;0;0;0;0
1871;2;0;0;0;0
1872;0;0;0;1;0
1873;0;0;0;0;0
1874;1;0;1;0;0
1875;1;0;0;0;0
1876;0;0;0;0;0
1877;2;0;0;0;0
1878;0;0;0;0;0
1879;0;0;0;0;0
1880;0;0;0;0;0
1881;0;0;0;0;0
1882;1;0;0;0;0
1883;2;0;0;0;0
1884;1;0;0;0;0
1885;0;0;0;0;0
1886;1;0;0;0;0
1887;1;0;0;0;0
1888;0;0;0;0;0
1889;2;0;0;0;0
1890;0;0;0;1;0
1891;0;0;0;0;0
1892;0;0;0;0;0
1893;0;0;0;0;0
1894;1;0;0;0;0
1895;0;0;0;0;0
1896;1;0;0;0;0
1897;0;0;0;0;0
1898;0;0;0;0;0
1899;0;0;0;0;0
1900;0;0;0;0;0
1901;0;0;0;0;0
1902;0;0;0;0;0
1903;0;0;0;0;0
1904;0;0;0;0;0
1905;0;0;0;0;0
1906;0;0;0;0;0
1907;0;0;0;0;0
1908;0;0;0;0;0
1909;2;0;0;0;0
1910;0;0;0;0;0
1911;0;0;0;0;0
1912;0;0;0;1;0
1913;0;0;0;0;0
1914;0;0;0;0;0
1915;0;0;0;0;0
1916;0;0;0;0;0
1917;1;0;0;0;0
1918;2;0;0;0;0
1919;1;0;0;0;0
1920;0;0;0;0;0
1921;1;0;0;0;0
1922;0;0;0;0;0
1923;0;0;0;0;0
1924;1;0;0;0;0
1925;0;0;0;0;0
1926;0;0;0;0;0
1927;0;0;0;0;0
1928;0;0;0;0;0
1929;0;0;0;0;0
1930;0;0;0;0;0
1931;1;0;0;0;0
1932;1;0;0;0;0
1933;1;0;0;0;0
1934;0;0;0;0;0
1935;0;0;0;0;0
1936;1;0;0;0;0
1937;0;0;0;0;0
1938;1;0;0;0;0
1939;0;0;0;0;0
1940;1;0;0;0;0
1941;0;0;0;0;0
1942;0;0;0;0;0
1943;1;0;0;0;1
1944;1;0;0;0;0
1945;0;0;0;0;0
1946;0;0;0;0;0
1947;0;0;0;0;0
1948;0;0;0;0;0
1949;1;0;0;0;0
1950;1;0;0;0;0
1951;1;0;0;1;1
1952;1;0;0;1;0
1953;0;0;0;0;0
1954;0;0;0;0;0
1955;1;0;0;0;0
1956;1;0;0;0;0
1957;2;0;0;0;0
1958;0;0;0;0;0
1959;2;0;0;0;0
1960;2;0;0;0;0
1961;0;0;0;0;0
1962;0;0;0;0;0
1963;0;0;0;0;0
1964;0;0;0;0;0
1965;0;0;0;0;0
1966;2;0;0;0;0
1967;1;0;0;0;0
1968;1;0;0;0;0
1969;0;0;0;0;0
1970;1;0;0;0;0
1971;0;0;0;0;0
1972;1;0;0;1;0
1973;3;0;0;0;0
1974;0;0;0;0;0
1975;0;0;0;0;0
1976;1;0;0;0;0
1977;0;0;0;0;0
1978;0;0;0;0;0
1979;0;0;0;0;0
1980;2;0;0;0;0
1981;2;0;0;0;0
1982;0;0;0;0;0
1983;0;0;0;0;0
1984;0;0;0;0;0
1985;0;0;0;0;0
1986;0;0;0;0;0
1987;1;0;0;0;0
1988;4;0;0;0;0
1989;3;0;0;0;0
1990;4;0;0;0;0
1991;1;0;0;0;0
1992;0;0;0;0;0
1993;1;0;0;0;0
1994;1;0;0;0;0
1995;0;0;0;0;0
1996;1;0;0;0;0
1997;1;0;0;0;0
1998;0;0;0;0;0
1999;0;2;0;0;0
2000;1;2;0;0;0
2001;3;0;0;0;0
2002;1;0;3;2;0
2003;1;0;0;6;0
2004;0;0;0;0;0
2005;0;0;0;0;2
2006;0;0;0;0;0
2007;0;0;0;0;0
2008;0;0;0;0;0
2009;0;0;0;0;0
2010;0;0;0;0;0
2011;0;0;0;0;0
2012;0;0;0;0;0
2013;0;0;0;0;0
2014;0;0;0;0;0
2015;0;0;0;0;0
2016;0;0;0;0;0
2017;0;0;0;0;0
2018;0;0;0;0;0
2019;0;0;0;0;0
2020;0;0;0;0;0
2021;0;0;0;0;0
2022;1;0;0;0;0
2023;0;0;0;0;0
2024;0;0;0;0;0
2025;0;0;0;0;0
2026;0;0;0;0;0
2027;0;0;0;0;0
2028;0;0;0;0;0
2029;3;0;0;0;0
2030;1;0;0;1;0
2031;1;0;1;0;0
2032;5;0;0;0;0
2033;6;0;0;0;0
2034;7;0;0;0;0
2035;5;0;0;0;0
2036;2;0;0;0;0
2037;6;0;0;0;0
2038;8;0;0;0;0
2039;15;0;0;0;0
2040;3;0;0;0;0
2041;3;0;0;0;0
2042;0;0;0;0;0
2043;6;0;0;0;0
2044;7;0;0;0;0
2045;8;0;0;0;0
2046;1;0;0;0;0
2047;7;0;0;0;0
2048;12;2;0;0;0
2049;6;2;0;0;0
2050;4;1;1;0;0
2051;5;1;0;0;0
2052;3;0;0;0;0
2053;3;0;0;0;0
2054;2;0;0;0;0
2055;7;0;0;0;0
2056;8;0;0;0;0
2057;9;0;0;0;0
2058;14;0;0;0;0
2059;22;0;0;1;0
2060;11;0;0;0;0
2061;12;0;0;0;0
2062;7;0;0;0;0
2063;9;0;0;0;0
2064;17;0;0;0;0
2065;14;0;2;0;0
2066;11;1;1;0;0
2067;9;0;0;0;0
2068;8;0;1;0;0
2069;11;0;0;1;0
2070;6;2;0;1;0
2071;6;0;0;0;1
2072;10;0;1;1;0
2073;3;0;0;0;0
2074;5;0;0;1;0
2075;5;0;0;0;0
2076;4;0;0;1;0
2077;5;0;0;0;0
2078;6;0;0;0;0
2079;4;3;0;0;0
2080;1;2;2;0;0
2081;3;1;8;0;0
2082;3;3;1;5;0
2083;1;0;3;7;0
2084;2;0;1;6;0
2085;5;0;2;0;0
2086;6;0;14;0;0
2087;10;0;4;0;0
2088;3;0;0;3;0
2089;10;0;1;4;0
2090;7;1;2;1;0
2091;11;3;0;0;0
2092;2;3;2;1;0
2093;8;9;6;1;0
2094;17;4;5;0;0
2095;29;2;6;1;0
2096;25;3;7;1;0
2097;14;5;3;4;0
2098;20;3;7;6;0
2099;30;1;7;9;0
2100;24;3;6;12;0
2101;27;2;5;11;0
2102;14;4;5;2;0
2103;14;4;7;4;0
2104;17;0;9;8;1
2105;19;3;5;14;0
2106;20;1;6;17;0
2107;12;1;5;30;0
2108;8;2;5;44;3
2109;2;0;4;31;3
2110;5;4;9;28;4
2111;5;2;15;25;3
2112;11;2;9;12;4
2113;20;4;4;32;4
2114;36;10;17;38;4
2115;19;8;19;36;3
2116;23;14;8;42;0
2117;8;13;15;36;8
2118;8;12;8;45;6
2119;7;16;22;59;8
2120;15;8;23;52;3
2121;22;6;9;46;2
2122;11;3;7;46;7
2123;12;2;8;42;7
2124;16;13;5;39;10
2125;12;2;17;23;3
2126;9;6;2;21;5
2127;4;1;3;13;3
2128;4;0;0;8;0
2129;22;0;1;0;4
2130;24;1;1;2;3
2131;20;0;0;2;0
2132;17;0;0;3;0
2133;15;0;3;0;0
2134;16;0;0;0;0
2135;15;0;0;0;0
2136;8;0;0;0;0
2137;9;0;0;0;0
2138;21;0;0;0;0
2139;17;0;0;0;0
2140;13;1;0;0;0
2141;16;0;2;0;0
2142;19;3;0;0;0
2143;24;0;0;0;0
2144;14;0;0;0;0
2145;9;0;0;0;0
2146;10;0;0;0;0
2147;4;0;0;0;0
2148;10;0;0;0;0
2149;13;0;0;0;0
2150;18;0;0;0;0
2151;17;0;2;0;0
2152;24;0;1;0;0
2153;17;0;3;0;0
2154;18;0;2;0;0
2155;10;0;2;1;0
2156;4;0;0;0;0
2157;2;0;0;0;0
2158;5;0;0;0;0
2159;11;0;0;0;0
2160;11;0;0;0;0
2161;9;2;3;0;0
2162;13;3;1;0;0
2163;17;3;0;0;0
2164;22;4;2;0;0
2165;14;0;0;0;0
2166;5;0;0;0;0
2167;11;0;0;0;0
2168;12;0;0;0;0
2169;16;0;0;0;0
2170;17;0;0;0;0
2171;23;0;0;0;0
2172;16;0;0;0;0
2173;17;0;0;0;0
2174;14;0;0;0;0
2175;15;0;0;0;0
2176;9;0;0;0;0
2177;3;0;2;0;0
2178;10;2;0;0;0
2179;6;0;0;0;0
2180;6;0;0;0;0
2181;7;0;0;0;0
2182;7;0;0;0;0
2183;5;0;0;0;0
2184;2;0;0;0;0
2185;0;1;0;0;0
2186;3;0;0;0;0
2187;0;0;0;2;0
2188;4;0;0;0;0
2189;0;4;2;0;0
2190;6;1;2;0;0
2191;4;1;3;1;0
2192;3;1;1;2;0
2193;5;3;3;2;0
2194;2;3;1;14;0
2195;0;0;3;8;0
2196;0;1;2;13;1
2197;3;0;0;12;0
2198;3;2;1;12;0
2199;7;5;3;7;0
2200;5;5;5;8;0
2201;2;2;4;7;2
2202;1;0;6;5;1
2203;5;5;7;14;3
2204;0;11;2;8;0
2205;0;9;2;4;2
2206;0;4;7;1;1
2207;2;1;9;0;0
2208;2;1;2;7;1
2209;3;2;7;12;0
2210;3;1;10;12;0
2211;4;1;4;13;0
2212;1;1;1;7;0
2213;6;2;1;8;0
2214;10;0;6;4;0
2215;5;2;1;2;0
2216;9;5;0;1;0
2217;8;7;3;3;0
2218;11;5;6;1;1
2219;9;1;12;5;1
2220;11;1;9;6;0
2221;19;1;11;10;0
2222;11;4;5;9;1
2223;14;2;5;11;0
2224;22;5;3;16;2
2225;16;6;1;10;1
2226;18;6;5;4;0
2227;5;4;1;1;0
2228;28;1;9;5;0
2229;13;1;11;6;0
2230;34;5;13;9;0
2231;44;10;9;8;0
2232;26;6;7;9;0
2233;31;21;17;20;0
2234;24;16;17;12;0
2235;42;11;28;15;0
2236;24;10;28;19;2
2237;8;2;4;7;0
2238;35;21;10;34;0
2239;28;15;13;22;0
2240;48;7;23;37;0
2241;34;19;28;24;2
2242;13;16;14;23;1
2243;26;22;41;46;2
2244;13;11;44;38;0
2245;31;13;50;51;2
2246;27;9;41;55;2
2247;3;0;8;10;0
2248;15;16;24;30;6
2249;18;13;36;71;0
2250;20;13;34;67;0
2251;12;14;23;53;6
2252;3;9;13;22;0
2253;7;5;23;20;3
2254;12;0;23;42;0
2255;13;0;15;41;0
2256;7;5;4;41;4
2257;1;0;3;5;0
2258;12;0;8;17;1
2259;7;1;9;21;0
2260;16;2;10;15;2
2261;13;1;10;23;1
2262;4;2;1;3;0
2263;2;5;1;9;0
2264;9;2;2;6;2
2265;14;1;3;8;2
2266;10;4;4;9;3
2267;4;2;0;0;0
2268;6;2;2;5;0
2269;8;2;0;4;0
2270;15;0;0;5;0
2271;11;1;1;0;0
2272;3;0;0;0;0
2273;10;2;0;2;2
2274;11;4;0;3;0
2275;11;2;0;0;0
2276;12;1;0;3;0
2277;1;0;0;0;0
2278;10;1;4;1;0
2279;15;1;7;7;0
2280;15;1;11;9;0
2281;10;3;10;14;0
2282;1;1;5;0;0
2283;15;0;4;10;0
2284;20;1;6;8;1
2285;25;0;1;9;0
2286;19;1;0;8;1
2287;5;0;0;0;0
2288;11;7;2;1;2
2289;12;8;10;2;0
2290;13;3;8;10;0
2291;11;0;9;14;1
2292;3;0;1;1;0
2293;13;2;1;9;1
2294;12;2;2;17;1
2295;4;0;5;22;0
2296;6;0;8;18;1
2297;5;0;0;2;1
2298;6;2;5;8;1
2299;10;0;4;10;0
2300;2;1;3;22;0
2301;6;0;5;29;2
2302;0;2;3;9;0
2303;1;3;4;11;0
2304;5;3;1;5;0
2305;8;3;8;13;0
2306;4;0;4;11;0
2307;2;1;2;1;2
2308;7;3;12;6;1
2309;14;5;9;14;0
2310;12;4;4;6;0
2311;10;0;12;7;0
2312;0;1;0;2;0
2313;6;0;1;5;0
2314;4;1;0;6;0
2315;6;3;3;10;0
2316;1;0;7;4;5
2317;0;0;0;0;0
2318;1;1;2;4;2
2319;1;1;3;9;1
2320;12;0;5;5;0
2321;11;0;0;13;0
2322;2;0;0;2;0
2323;3;0;0;7;1
2324;3;2;0;6;1
2325;0;2;5;3;1
2326;3;1;1;15;2
2327;0;0;0;0;0
2328;2;6;0;13;3
2329;2;3;4;6;2
2330;8;2;2;24;1
2331;1;8;2;13;0
2332;1;0;0;14;2
2333;0;2;11;20;0
2334;0;1;4;14;1
2335;2;1;4;11;1
2336;3;3;2;9;3
2337;6;1;0;0;2
2338;1;1;0;0;0
2339;3;0;0;0;0
2340;5;0;1;0;1
2341;2;0;0;0;1
2342;5;0;0;0;0
2343;1;0;0;0;0
2344;3;0;0;0;0
2345;3;0;0;1;1
2346;2;0;0;0;0
2347;7;0;1;0;0
2348;2;0;0;0;0
2349;10;0;0;0;2
2350;11;0;1;2;2
2351;14;0;0;3;1
2352;16;0;1;1;1
2353;14;1;1;2;4
2354;25;0;0;2;7
2355;27;1;0;0;3
2356;26;3;0;0;0
2357;26;4;2;0;2
2358;30;3;12;1;4
2359;32;6;12;0;0
2360;18;15;26;0;0
2361;35;8;17;0;0
2362;27;8;11;0;0
2363;21;8;16;4;0
2364;25;14;14;2;0
2365;29;9;20;0;0
2366;24;13;8;0;0
2367;9;9;16;0;0
2368;13;5;32;6;0
2369;17;11;24;2;0
2370;21;19;19;0;0
2371;21;14;21;0;0
2372;6;8;21;2;0
2373;11;4;18;0;0
2374;11;1;11;2;4
2375;11;9;3;0;0
2376;14;3;6;0;0
2377;5;0;4;0;0
2378;4;2;4;0;0
2379;3;2;3;0;0
2380;2;3;4;0;0
2381;7;1;9;0;0
2382;5;3;4;0;0
2383;3;6;3;3;0
2384;9;2;3;0;1
2385;7;1;0;0;0
2386;7;1;0;0;0
2387;8;0;2;0;0
2388;1;5;1;0;0
2389;3;1;2;0;0
2390;3;0;4;0;0
2391;3;1;4;0;0
2392;4;1;3;1;0
2393;4;0;1;3;0
2394;6;0;1;0;0
2395;0;1;1;1;1
2396;0;1;0;2;2
2397;0;0;1;4;0
2398;0;0;0;2;2
2399;3;1;0;2;3
2400;1;0;0;0;3
2401;0;1;1;1;2
2402;3;2;2;1;4
2403;8;0;3;1;4
2404;0;1;2;12;2
2405;2;2;1;4;10
2406;3;1;1;6;9
2407;2;0;1;6;9
2408;2;0;3;4;6
2409;1;1;1;9;14
2410;1;0;3;12;18
2411;2;0;5;24;14
2412;0;1;5;9;14
2413;0;0;0;13;11
2414;0;0;1;10;16
2415;2;0;0;8;16
2416;0;0;1;9;11
2417;1;1;1;0;10
2418;2;0;0;1;9
2419;2;0;1;1;4
2420;0;0;0;2;2
2421;1;0;0;8;11
2422;0;0;2;14;4
2423;2;0;0;2;10
2424;0;0;1;3;9
2425;1;0;0;6;6
2426;2;0;1;1;3
2427;0;0;0;1;2
2428;0;0;0;0;1
2429;2;0;0;0;0
2430;1;0;3;1;2
2431;1;1;1;1;1
2432;0;0;0;0;0
2433;0;1;0;0;0
2434;3;0;0;0;0
2435;0;0;0;0;0
2436;0;0;0;1;0
2437;0;0;0;0;0
2438;1;0;0;0;0
2439;1;0;1;0;1
2440;1;0;1;0;0
2441;6;2;0;2;0
2442;3;0;1;1;0
2443;1;0;2;0;0
2444;1;0;0;0;1
2445;2;1;0;0;0
2446;3;3;0;1;0
2447;1;1;0;1;0
2448;0;0;3;0;0
2449;4;0;1;0;0
2450;0;0;1;1;0
2451;3;4;0;1;1
2452;2;3;2;2;2
2453;0;3;3;0;3
2454;2;0;0;0;4
2455;2;0;0;0;1
2456;2;0;0;0;1
2457;2;0;1;0;0
2458;1;0;1;0;1
2459;3;0;0;0;2
2460;4;2;0;0;1
2461;3;2;0;1;4
2462;6;0;1;2;4
2463;6;0;2;0;3
2464;7;0;0;1;0
2465;3;0;0;0;1
2466;22;0;3;2;0
2467;26;3;5;1;1
2468;26;1;0;3;0
2469;3;0;0;2;0
2470;12;4;1;1;1
2471;32;13;1;1;0
2472;36;18;2;0;1
2473;31;12;6;0;0
2474;7;4;2;0;0
2475;25;24;8;1;0
2476;22;16;12;0;0
2477;31;10;18;0;0
2478;19;15;19;0;0
2479;7;2;2;0;0
2480;20;13;13;1;0
2481;21;13;14;0;0
2482;22;20;18;0;0
2483;15;29;18;1;0
2484;6;9;12;3;0
2485;10;18;22;5;0
2486;12;16;20;4;0
2487;9;18;17;6;6
2488;13;4;18;4;7
2489;1;4;3;0;6
2490;6;0;2;0;19
2491;1;2;2;1;7
2492;1;1;3;14;8
2493;1;2;4;7;6
2494;1;0;0;1;1
2495;1;0;0;4;5
2496;1;0;1;5;4
2497;2;0;0;9;15
2498;3;0;2;4;22
2499;0;0;0;2;1
2500;1;0;1;0;10
2501;0;0;0;2;3
2502;0;1;1;2;5
2503;1;0;0;7;6
2504;0;0;0;2;0
2505;1;0;0;2;1
2506;4;0;0;1;2
2507;1;0;0;2;3
2508;2;0;0;1;5
2509;2;0;0;0;0
2510;4;1;0;2;2
2511;1;1;0;0;1
2512;1;0;3;2;3
2513;0;0;3;0;4
2514;0;1;0;0;0
2515;1;0;3;1;1
2516;1;1;2;5;11
2517;4;1;1;10;7
2518;2;2;5;3;6
2519;5;0;0;0;1
2520;1;1;2;3;12
2521;3;4;2;1;3
2522;3;1;1;1;7
2523;0;2;1;4;5
2524;0;0;0;1;1
2525;1;0;0;5;5
2526;0;0;0;2;6
2527;1;0;0;5;8
2528;0;3;0;4;11
2529;0;0;0;0;0
2530;4;0;1;2;11
2531;2;0;1;0;6
2532;4;0;3;7;6
2533;3;4;1;9;7
2534;0;0;0;6;1
2535;1;0;12;1;0
2536;3;0;3;4;1
2537;4;0;3;3;1
2538;3;1;0;0;5
2539;2;0;0;0;0
2540;4;1;1;5;1
2541;3;0;1;0;5
2542;2;0;4;0;5
2543;1;4;6;3;4
2544;0;0;3;1;0
2545;1;0;0;2;2
2546;2;1;4;1;4
2547;1;0;3;5;5
2548;1;3;1;9;5
2549;0;0;4;0;7
2550;4;0;1;1;7
2551;7;0;0;4;3
2552;28;0;5;1;11
2553;22;0;5;7;8
2554;29;0;4;5;6
2555;45;0;0;0;4
2556;58;0;0;0;9
2557;57;0;0;0;8
2558;78;0;0;3;8
2559;67;3;0;3;7
2560;49;3;0;1;3
2561;43;10;0;0;3
2562;92;29;3;2;2
2563;105;36;31;0;4
2564;93;36;41;0;0
2565;13;5;10;0;0
2566;71;28;41;0;0
2567;82;47;54;0;0
2568;82;43;49;0;0
2569;60;52;58;2;1
2570;16;11;17;1;0
2571;41;20;28;1;0
2572;79;37;58;1;0
2573;86;30;51;0;0
2574;65;38;40;3;0
2575;21;23;5;0;0
2576;21;27;32;5;0
2577;25;39;59;3;0
2578;28;18;56;8;0
2579;18;11;43;4;3
2580;0;4;10;1;1
2581;8;13;15;10;6
2582;11;5;8;7;5
2583;0;1;8;4;9
2584;3;0;0;0;15
2585;1;0;1;1;1
2586;2;0;0;0;3
2587;0;0;2;5;5
2588;3;0;1;4;4
2589;5;0;1;11;1
2590;0;0;1;6;0
2591;4;0;0;5;3
2592;1;0;2;8;5
2593;1;1;3;16;14
2594;2;0;3;10;20
2595;2;0;3;3;17
2596;0;2;0;3;15
2597;1;0;1;3;13
2598;0;0;3;19;10
2599;0;0;1;12;10
2600;0;1;0;2;3
2601;4;0;0;6;3
2602;10;2;4;9;1
2603;2;0;0;7;13
2604;0;1;0;16;19
2605;0;0;1;2;13
2606;1;1;0;6;13
2607;0;0;1;3;9
2608;2;0;1;2;8
2609;1;0;1;5;12
2610;1;0;1;2;11
2611;1;0;4;1;3
2612;0;0;2;1;10
2613;6;1;3;0;9
2614;0;0;1;0;14
2615;2;0;3;1;5
2616;1;0;0;0;2
2617;5;0;0;0;2
2618;13;1;0;5;5
2619;11;2;1;4;4
2620;14;8;5;2;1
2621;11;2;0;0;0
2622;11;0;5;1;3
2623;8;1;3;5;3
2624;8;0;0;5;7
2625;9;1;0;5;5
2626;6;0;0;0;3
2627;8;0;2;0;2
2628;13;3;0;0;1
2629;10;0;1;1;2
2630;16;0;0;2;1
2631;21;0;0;0;0
2632;4;3;2;3;0
2633;2;1;2;1;0
2634;1;0;1;3;1
2635;3;3;0;3;2
2636;2;0;0;1;2
2637;4;0;0;3;4
2638;6;0;0;5;8
2639;2;0;2;2;7
2640;5;0;0;0;10
2641;0;0;0;0;0
2642;6;0;0;0;0
2643;4;0;2;6;5
2644;0;0;2;12;2
2645;1;0;1;1;3
2646;0;0;0;1;0
2647;2;0;0;0;13
2648;7;0;4;3;8
2649;7;0;0;1;4
2650;5;0;2;4;2
2651;3;0;0;0;1
2652;24;0;1;2;10
2653;20;0;1;1;17
2654;42;0;1;2;8
2655;34;0;0;4;5
2656;39;0;0;0;2
2657;81;0;1;0;4
2658;65;3;0;1;4
2659;99;15;0;1;1
2660;86;37;2;0;3
2661;45;18;9;1;0
2662;70;42;48;0;0
2663;40;45;30;0;0
2664;76;59;55;1;0
2665;71;53;56;0;0
2666;61;45;52;8;0
2667;63;53;56;3;0
2668;73;40;42;1;0
2669;74;45;33;0;0
2670;70;45;50;0;0
2671;54;37;67;1;0
2672;8;19;14;0;0
2673;31;28;30;1;0
2674;53;52;31;0;0
2675;68;52;39;0;0
2676;64;34;29;0;0
2677;29;9;9;4;0
2678;63;18;21;0;0
2679;56;40;21;0;0
2680;59;28;29;0;0
2681;61;18;34;1;0
2682;8;4;6;0;1
2683;49;21;14;0;0
2684;42;32;20;0;0
2685;75;37;28;0;0
2686;64;44;29;0;0
2687;12;12;6;0;0
2688;55;33;33;0;0
2689;46;27;16;0;0
2690;39;11;36;0;0
2691;40;31;34;0;0
2692;11;6;2;0;0
2693;38;16;12;0;0
2694;26;18;17;0;0
2695;35;35;27;0;0
2696;43;36;26;0;0
2697;21;9;6;0;0
2698;29;11;19;0;0
2699;54;10;30;0;0
2700;35;19;21;0;0
2701;38;22;27;2;0
2702;4;5;0;0;0
2703;29;19;30;0;0
2704;22;17;22;0;0
2705;28;20;30;0;0
2706;21;25;41;3;0
2707;6;13;15;0;1
2708;7;25;31;5;0
2709;23;6;21;1;0
2710;17;9;13;7;1
2711;3;11;7;8;1
2712;2;1;1;0;0
2713;4;1;6;2;19
2714;0;1;5;1;20
2715;3;1;9;4;16
2716;2;0;5;6;22
2717;2;1;2;7;0
2718;9;1;8;20;5
2719;16;2;1;10;4
2720;11;2;8;12;19
2721;9;0;3;12;15
2722;6;4;1;1;0
2723;4;2;5;16;20
2724;0;0;2;13;16
2725;4;3;7;23;19
2726;14;6;4;12;16
2727;5;0;0;7;1
2728;22;3;6;11;19
2729;12;3;7;6;25
2730;38;0;6;7;32
2731;40;1;12;5;9
2732;12;3;0;5;2
2733;65;0;1;6;16
2734;41;0;4;12;18
2735;77;1;3;5;26
2736;66;8;1;2;19
2737;63;9;0;2;3
2738;59;26;10;4;2
2739;46;34;19;3;3
2740;56;48;35;1;0
2741;54;29;51;0;0
2742;25;2;9;2;0
2743;72;18;47;2;0
2744;48;35;29;0;0
2745;78;37;33;5;0
2746;64;40;24;0;0
2747;67;39;19;1;0
2748;62;72;48;2;0
2749;51;51;41;1;0
2750;40;54;45;0;0
2751;45;36;59;1;0
2752;18;18;20;0;0
2753;35;30;37;3;0
2754;14;49;20;2;0
2755;33;29;29;4;0
2756;34;13;40;0;3
2757;17;8;27;1;2
2758;5;15;5;4;4
2759;5;4;5;3;5
2760;3;0;2;2;7
2761;0;0;0;4;2
2762;0;0;2;0;0
2763;0;1;0;3;0
2764;2;0;0;4;0
2765;9;0;2;6;6
2766;9;3;3;3;11
2767;4;0;8;13;18
2768;3;0;4;8;8
2769;2;0;3;8;17
2770;1;0;7;14;8
2771;1;0;6;7;13
2772;7;5;1;7;12
2773;2;1;3;6;7
2774;6;2;0;2;16
2775;2;1;5;8;20
2776;3;2;4;2;25
2777;1;0;2;11;6
2778;4;1;2;4;7
2779;3;0;0;1;6
2780;3;0;2;12;7
2781;7;0;1;11;5
2782;3;0;1;16;3
2783;2;0;0;8;5
2784;4;0;2;4;7
2785;6;3;2;12;15
2786;3;0;0;2;18
2787;6;0;2;7;11
2788;16;0;0;8;10
2789;6;1;0;9;1
2790;8;0;2;6;4
2791;5;3;1;16;5
2792;0;3;2;3;0
2793;3;1;1;0;4
2794;6;0;4;5;2
2795;0;0;2;10;6
2796;2;0;4;13;9
2797;1;3;4;11;14
2798;3;0;4;3;6
2799;1;1;1;13;13
2800;2;0;0;8;21
2801;2;2;1;18;20
2802;0;3;1;17;7
2803;2;2;2;5;5
2804;6;0;0;7;11
2805;4;1;6;12;23
2806;6;5;1;9;25
2807;2;2;2;10;18
2808;4;0;4;10;8
2809;7;3;2;10;5
2810;26;0;5;7;4
2811;34;1;0;4;8
2812;56;1;0;3;6
2813;42;0;0;3;10
2814;48;0;1;0;9
2815;62;3;1;4;8
2816;66;22;6;0;2
2817;63;33;5;2;1
2818;53;38;11;1;0
2819;63;39;23;3;0
2820;83;47;36;0;1
2821;103;48;38;0;0
2822;82;51;26;0;0
2823;74;43;36;3;0
2824;87;35;40;2;0
2825;83;62;50;2;0
2826;81;48;37;0;0
2827;77;54;65;5;0
2828;80;67;62;2;0
2829;56;60;64;0;0
2830;61;64;54;5;0
2831;44;61;64;6;0
2832;29;48;32;24;0
2833;42;41;68;16;6
2834;39;20;43;13;7
2835;36;26;31;11;14
2836;31;11;14;9;30
2837;9;6;3;3;20
2838;6;1;1;2;17
2839;4;4;6;0;13
2840;1;2;3;21;17
2841;2;2;7;3;13
2842;1;0;6;9;20
2843;2;0;1;8;6
2844;10;0;2;15;7
2845;0;0;11;14;32
2846;0;1;9;20;20
2847;0;0;1;19;30
2848;0;0;2;5;2
2849;0;0;1;15;7
2850;6;0;1;6;18
2851;0;0;1;22;17
2852;1;3;0;4;16
2853;0;0;0;4;1
2854;0;0;3;8;8
2855;3;2;7;17;12
2856;2;0;3;20;10
2857;4;0;3;17;6
2858;0;0;0;1;0
2859;5;0;4;4;6
2860;1;0;2;15;13
2861;3;3;1;11;16
2862;5;0;5;10;21
2863;5;1;1;3;7
2864;0;1;3;20;5
2865;2;1;4;13;20
2866;0;0;5;12;12
2867;1;0;2;9;14
2868;0;3;0;7;1
2869;3;0;0;3;0
2870;1;5;2;5;11
2871;0;2;2;18;12
2872;4;2;9;5;13
2873;0;0;1;0;0
2874;7;0;1;7;6
2875;8;1;0;15;1
2876;2;0;2;11;6
2877;1;1;3;18;4
2878;4;0;0;2;2
2879;10;0;4;9;11
2880;10;1;5;15;10
2881;8;1;2;6;7
2882;2;4;1;9;12
2883;1;1;1;1;0
2884;10;3;0;8;27
2885;10;3;2;3;12
2886;8;6;2;13;23
2887;12;5;6;12;24
2888;7;0;7;1;0
2889;9;2;1;3;14
2890;7;5;2;7;5
2891;12;1;5;11;5
2892;8;7;9;10;14
2893;10;1;3;8;5
2894;2;14;9;12;31
2895;4;4;6;25;13
2896;7;8;5;20;26
2897;4;7;5;17;10
2898;7;3;0;16;7
2899;14;4;6;14;11
2900;18;0;4;13;23
2901;49;3;13;14;19
2902;63;1;4;9;23
2903;81;0;0;5;7
2904;114;3;3;16;18
2905;92;0;1;13;10
2906;141;7;2;12;8
2907;121;24;1;3;3
2908;131;27;14;1;1
2909;108;36;22;0;4
2910;118;68;35;3;0
2911;134;89;45;0;0
2912;104;78;61;0;0
2913;98;54;66;0;0
2914;51;36;52;0;0
2915;77;58;52;1;0
2916;112;95;54;0;0
2917;96;97;52;1;0
2918;69;59;52;0;0
2919;38;10;24;0;0
2920;67;25;46;0;0
2921;76;76;46;0;0
2922;86;58;37;0;0
2923;61;65;29;0;0
2924;18;24;14;0;0
2925;43;61;51;1;0
2926;34;67;64;0;0
2927;50;44;76;0;0
2928;25;36;57;0;0
2929;10;10;13;0;0
2930;24;21;26;1;0
2931;20;21;25;1;0
2932;18;14;20;0;2
2933;16;15;13;4;0
2934;12;1;4;0;0
2935;35;7;6;0;0
2936;29;8;7;1;0
2937;22;8;9;2;0
2938;14;15;18;1;0
2939;15;3;1;0;0
2940;19;3;13;0;0
2941;16;5;13;0;0
2942;18;5;10;0;0
2943;14;9;2;2;0
2944;8;4;1;0;0
2945;8;5;6;0;0
2946;3;10;9;0;0
2947;3;12;7;0;0
2948;2;5;17;0;0
2949;1;0;3;0;0
2950;2;4;9;0;0
2951;12;0;10;1;0
2952;7;0;1;0;0
2953;2;1;0;1;0
2954;1;0;0;0;0
2955;4;0;0;0;1
2956;1;0;0;0;1
2957;3;0;0;2;1
2958;2;0;0;0;1
2959;2;0;0;0;0
2960;7;0;0;0;0
2961;3;0;0;0;0
2962;1;0;0;0;0
2963;2;0;0;0;0
2964;1;0;0;0;0
2965;2;0;0;0;0
2966;3;0;0;0;0
2967;2;0;0;0;0
2968;5;0;0;0;0
2969;4;0;0;0;0
2970;6;0;0;0;0
2971;5;0;0;0;0
2972;4;0;0;0;0
2973;6;0;0;0;0
2974;6;0;0;0;0
2975;0;0;0;0;0
2976;1;1;0;0;1
2977;5;0;1;1;0
2978;11;0;0;3;1
2979;13;0;0;2;0
2980;2;0;0;3;0
2981;4;0;0;0;0
2982;6;0;0;0;0
2983;7;1;0;0;0
2984;5;0;0;0;0
2985;0;0;0;0;0
2986;10;4;1;1;0
2987;19;4;0;2;0
2988;12;1;0;1;0
2989;21;3;6;0;1
2990;0;0;0;0;0
2991;0;0;0;0;0
2992;11;2;0;0;2
2993;6;1;2;0;2
2994;7;1;0;0;5
2995;7;0;0;0;0
2996;10;0;0;0;0
2997;12;2;0;1;0
2998;3;2;0;0;0
2999;0;0;0;0;0
3000;1;1;0;0;0
3001;0;0;0;0;0
3002;1;0;0;0;0
3003;3;0;0;3;0
3004;3;0;1;3;0
3005;2;0;1;0;1
3006;0;0;3;1;0
3007;2;0;0;2;0
3008;2;0;0;0;0
3009;4;0;0;1;0
3010;2;0;1;0;0
3011;2;0;1;0;0
3012;3;0;1;0;0
3013;0;0;0;0;0
3014;2;0;0;0;3
3015;0;3;0;0;3
3016;0;0;0;0;1
3017;1;0;0;0;0
3018;1;0;0;0;0
3019;3;0;0;0;0
3020;2;1;1;0;0
3021;2;0;0;1;0
3022;1;0;0;0;0
3023;0;0;0;0;0
3024;1;0;0;0;1
3025;2;0;0;1;0
3026;4;0;2;0;1
3027;4;0;0;0;0
3028;1;0;0;0;0
3029;6;0;0;0;0
3030;4;0;0;1;0
3031;5;0;0;0;1
3032;1;0;0;0;0
3033;1;0;0;0;0
3034;0;1;1;2;0
3035;0;2;0;0;0
3036;1;0;0;0;0
3037;5;0;0;2;0
3038;7;0;0;0;0
3039;10;0;0;0;0
3040;7;0;0;0;0
3041;0;0;0;0;0
3042;1;0;0;0;0
3043;3;0;1;2;0
3044;4;1;3;0;0
3045;10;4;0;0;0
3046;1;2;0;0;0
3047;5;8;0;0;0
3048;16;3;0;0;0
3049;12;2;3;0;0
3050;13;3;0;0;0
3051;17;1;1;0;0
3052;17;4;0;0;0
3053;15;6;0;0;0
3054;11;6;1;0;0
3055;15;4;3;0;0
3056;14;5;2;0;0
3057;11;6;0;1;0
3058;14;10;6;0;0
3059;15;6;4;0;0
3060;19;3;7;0;0
3061;8;0;3;0;0
3062;11;0;2;0;0
3063;23;0;6;0;0
3064;32;6;3;0;0
3065;27;4;2;0;0
3066;29;14;3;0;0
3067;35;3;3;0;0
3068;27;6;4;0;0
3069;19;1;5;0;0
3070;23;10;11;0;0
3071;22;10;18;0;0
3072;41;16;25;0;0
3073;57;8;18;0;0
3074;37;21;8;0;0
3075;22;14;6;0;0
3076;23;7;10;0;0
3077;23;8;11;0;0
3078;31;11;9;0;0
3079;46;10;0;0;0
3080;16;9;1;0;0
3081;30;9;11;0;0
3082;21;13;13;0;0
3083;26;8;15;0;0
3084;23;16;10;0;0
3085;20;11;7;0;0
3086;17;13;18;0;0
3087;9;10;19;1;0
3088;18;13;11;0;0
3089;17;10;7;0;0
3090;9;10;10;1;0
3091;8;11;11;0;0
3092;5;9;11;0;0
3093;12;15;7;0;0
3094;10;16;13;0;0
3095;8;13;3;0;0
3096;18;6;0;1;0
3097;16;4;0;0;0
3098;18;4;0;0;0
3099;12;5;0;0;0
3100;20;5;0;0;1
3101;7;11;0;0;0
3102;12;7;3;0;0
3103;11;3;2;0;0
3104;20;1;1;0;1
3105;5;2;0;1;0
3106;1;0;1;0;0
3107;11;0;0;0;0
3108;4;0;0;0;0
3109;13;0;0;0;0
3110;11;0;0;0;0
3111;6;0;0;0;0
3112;21;0;0;0;0
3113;31;1;0;0;0
3114;30;3;0;0;0
3115;12;3;0;0;0
3116;12;0;0;0;0
3117;17;7;9;0;0
3118;9;7;6;0;0
3119;9;15;11;0;0
3120;15;20;20;0;0
3121;8;8;12;0;0
3122;14;9;20;0;0
3123;14;4;11;0;0
3124;17;8;4;0;0
3125;3;2;0;0;0
3126;0;1;0;0;0
3127;0;0;3;1;0
3128;4;9;7;0;0
3129;3;2;3;1;0
3130;0;0;0;0;0
3131;0;0;0;0;0
3132;2;0;0;0;1
3133;2;0;4;2;0
3134;1;0;0;3;1
3135;1;0;0;6;0
3136;0;0;0;4;0
3137;1;2;1;2;0
3138;3;4;0;1;0
3139;0;1;6;1;2
3140;0;0;4;4;1
3141;0;0;3;9;0
3142;0;1;2;4;7
3143;7;0;2;3;6
3144;2;0;3;4;11
3145;1;0;2;5;11
3146;0;0;0;4;0
3147;0;0;0;4;6
3148;0;1;2;3;10
3149;0;2;0;4;7
3150;1;0;5;3;8
3151;0;0;0;2;6
3152;0;0;0;2;8
3153;4;0;0;7;1
3154;2;0;0;2;2
3155;1;0;0;0;2
3156;2;0;0;0;0
3157;5;0;0;0;1
3158;2;0;1;1;0
3159;0;0;0;0;0
3160;0;0;0;0;0
3161;1;0;0;0;0
3162;1;0;0;0;0
3163;1;0;0;0;0
3164;0;0;0;0;0
3165;0;0;0;0;0
3166;0;0;0;0;0
3167;0;0;0;0;0
3168;1;0;0;1;0
3169;1;0;0;0;0
3170;3;0;0;0;0
3171;0;0;0;1;1
3172;2;0;0;0;0
3173;3;0;0;2;0
3174;2;0;0;0;0
3175;1;0;0;0;0
3176;1;0;0;0;0
3177;0;0;0;1;0
3178;0;0;0;0;0
3179;0;0;0;0;0
3180;1;0;3;0;1
3181;0;0;0;0;1
3182;0;0;0;0;0
3183;0;0;1;0;0
3184;4;0;0;0;1
3185;1;4;0;0;4
3186;0;0;0;0;1
3187;2;0;0;0;0
3188;3;0;0;0;0
3189;27;0;0;0;0
3190;32;0;0;0;3
3191;24;0;0;0;0
3192;31;0;0;0;0
3193;32;0;0;0;0
3194;49;2;0;0;0
3195;63;0;1;0;0
3196;68;4;1;0;0
3197;41;20;3;0;0
3198;37;26;5;1;0
3199;67;57;12;1;0
3200;63;57;21;1;0
3201;45;49;37;1;0
3202;59;58;52;1;0
3203;65;60;34;4;0
3204;93;40;52;1;0
3205;87;36;46;0;0
3206;61;46;24;2;0
3207;65;72;31;1;0
3208;101;66;38;0;0
3209;106;65;55;0;0
3210;91;99;47;1;0
3211;65;71;51;0;0
3212;70;73;74;0;0
3213;52;67;77;0;0
3214;45;69;83;2;0
3215;36;61;84;5;0
3216;15;26;60;6;0
3217;33;30;76;59;0
3218;37;32;87;93;0
3219;49;41;102;131;0
3220;36;44;75;173;6
3221;41;11;73;109;8
3222;41;39;66;115;6
3223;48;41;78;132;6
3224;80;23;81;128;0
3225;62;24;65;146;6
3226;29;22;35;88;6
3227;57;25;64;135;7
3228;64;10;81;110;0
3229;63;12;58;118;0
3230;53;24;52;113;6
3231;19;9;6;30;1
3232;52;13;33;89;2
3233;59;33;74;111;0
3234;60;21;68;113;0
3235;40;20;56;125;3
3236;6;4;23;49;0
3237;15;13;40;98;3
3238;30;33;68;89;0
3239;27;30;66;82;0
3240;26;36;66;83;2
3241;16;14;55;63;0
3242;36;43;73;95;0
3243;38;35;110;107;0
3244;32;44;87;115;1
3245;29;23;71;110;0
3246;19;11;54;65;0
3247;9;22;45;113;0
3248;3;21;48;91;0
3249;21;16;61;89;0
3250;9;16;61;87;0
3251;2;4;7;54;0
3252;3;5;14;73;0
3253;12;9;19;83;0
3254;32;10;17;73;0
3255;15;2;20;47;3
3256;11;6;1;8;2
3257;21;4;12;23;2
3258;21;13;18;32;0
3259;27;6;16;31;0
3260;23;9;9;46;0
3261;5;2;5;14;1
3262;18;11;12;18;0
3263;58;23;15;33;0
3264;60;12;31;37;1
3265;48;20;37;31;3
3266;8;12;15;21;1
3267;21;14;32;41;0
3268;53;14;63;75;0
3269;44;13;61;69;0
3270;29;23;61;80;10
3271;31;29;61;96;4
3272;27;14;76;134;3
3273;34;16;66;149;7
3274;23;22;56;194;3
3275;3;19;44;122;8
3276;22;24;56;150;7
3277;37;11;73;142;7
3278;37;18;61;143;11
3279;30;24;62;130;1
3280;16;9;30;121;7
3281;24;10;58;87;2
3282;46;18;54;111;13
3283;41;30;55;119;0
3284;33;30;49;119;0
3285;23;16;66;82;6
3286;37;18;57;87;12
3287;32;26;47;89;12
3288;19;28;63;91;0
3289;9;27;57;88;0
3290;9;13;59;82;6
3291;25;24;51;94;15
3292;29;20;104;90;2
3293;43;13;64;108;0
3294;45;18;59;97;0
3295;23;16;36;77;2
3296;44;17;53;93;9
3297;20;23;54;87;0
3298;28;21;38;119;0
3299;13;17;26;118;3
3300;8;16;29;90;3
3301;20;19;55;111;0
3302;24;20;50;124;0
3303;21;20;34;108;1
3304;15;5;59;97;0
3305;13;12;24;74;3
3306;13;18;33;111;0
3307;16;22;45;103;0
3308;25;20;55;99;0
3309;18;11;58;75;0
3310;21;7;54;67;0
3311;19;7;36;101;1
3312;21;10;35;122;6
3313;15;9;45;107;0
3314;9;6;27;131;0
3315;6;12;28;77;2
3316;10;10;56;83;1
3317;9;7;62;96;1
3318;11;13;56;86;0
3319;13;11;41;52;0
3320;4;7;24;45;4
3321;9;19;27;56;8
3322;7;11;58;48;0
3323;15;4;24;53;0
3324;16;14;28;62;2
3325;5;6;11;60;0
3326;16;5;18;68;2
3327;24;11;16;65;0
3328;20;3;22;45;0
3329;26;4;14;34;1
3330;14;9;18;35;7
3331;18;8;28;32;1
3332;20;5;17;18;0
3333;20;11;8;17;0
3334;17;4;10;15;0
3335;7;2;10;6;0
3336;7;0;14;9;0
3337;8;8;21;7;0
3338;5;6;29;20;0
3339;9;5;26;30;0
3340;4;5;17;54;0
3341;2;0;14;54;0
3342;0;1;18;64;0
3343;3;7;24;59;0
3344;11;0;23;43;0
3345;11;1;11;49;2
3346;9;4;14;47;0
3347;7;5;15;47;0
3348;15;6;23;45;2
3349;13;8;20;42;0
3350;11;1;17;46;1
3351;14;9;19;57;2
3352;7;5;44;65;0
3353;13;3;31;63;0
3354;22;2;22;60;0
3355;7;5;13;63;3
3356;32;6;16;70;8
3357;40;8;13;46;1
3358;38;8;23;42;0
3359;47;10;28;26;3
3360;23;1;28;39;1
3361;39;6;28;39;2
3362;37;3;43;39;0
3363;29;15;39;53;0
3364;19;10;34;60;1
3365;16;9;23;64;8
3366;25;9;30;70;7
3367;21;12;35;81;4
3368;26;20;44;73;3
3369;23;12;44;88;2
3370;26;13;51;91;6
3371;25;16;46;109;19
3372;28;17;50;123;10
3373;26;13;65;128;4
3374;18;16;38;120;15
3375;21;28;35;111;13
3376;26;22;50;118;14
3377;43;16;74;117;5
3378;28;15;64;101;5
3379;33;9;56;95;12
3380;26;2;39;104;6
3381;22;4;24;118;7
3382;27;8;39;99;2
3383;27;9;44;68;0
3384;35;10;40;55;2
3385;23;11;29;46;2
3386;16;6;28;65;0
3387;21;15;35;70;1
3388;21;20;16;73;3
3389;11;15;18;57;12
3390;7;13;29;51;14
3391;15;12;28;62;4
3392;31;24;34;44;2
3393;20;17;18;67;2
3394;18;18;22;88;4
3395;15;11;35;75;17
3396;27;23;42;87;5
3397;17;21;38;86;11
3398;22;15;38;85;2
3399;9;16;40;75;7
3400;18;10;39;76;11
3401;24;12;44;89;9
3402;37;17;53;94;2
3403;28;14;61;103;2
3404;18;18;37;89;8
3405;27;17;33;94;2
3406;27;14;36;76;10
3407;13;13;43;59;4
3408;28;13;38;76;0
3409;22;13;40;69;3
3410;14;29;37;69;0
3411;21;19;53;67;7
3412;36;17;60;93;4
3413;18;31;52;117;0
3414;26;16;55;102;0
3415;27;13;39;92;9
3416;19;19;37;82;0
3417;21;19;33;83;0
3418;28;19;36;84;0
3419;22;10;26;72;0
3420;20;8;26;70;2
3421;19;10;33;59;3
3422;27;6;30;68;0
3423;37;9;44;76;0
3424;25;2;38;87;2
3425;34;3;22;70;7
3426;29;7;29;61;3
3427;27;12;36;40;1
3428;33;17;26;33;5
3429;22;14;39;32;3
3430;11;6;42;39;7
3431;35;14;45;57;3
3432;46;19;29;42;6
3433;40;13;38;38;0
3434;33;8;32;45;3
3435;25;13;25;55;0
3436;30;23;22;54;4
3437;30;28;13;69;0
3438;24;42;38;56;0
3439;24;25;51;52;0
3440;9;26;37;46;11
3441;17;19;31;62;9
3442;27;33;48;67;3
3443;24;32;39;77;1
3444;17;20;42;82;3
3445;17;27;31;79;8
3446;16;14;23;81;11
3447;15;21;43;57;0
3448;26;18;23;47;0
3449;17;16;24;52;1
3450;12;6;29;57;3
3451;14;11;27;52;0
3452;25;3;21;68;0
3453;18;17;37;73;0
3454;17;11;33;71;0
3455;16;8;42;65;3
3456;16;9;29;72;1
3457;29;9;27;57;0
3458;19;10;20;57;0
3459;14;11;28;63;3
3460;15;15;20;72;3
3461;22;18;40;91;5
3462;38;28;65;103;2
3463;48;25;51;83;1
3464;36;20;32;105;1
3465;36;14;43;94;1
3466;26;21;30;81;1
3467;37;12;30;77;0
3468;39;14;39;72;2
3469;27;13;29;90;10
3470;16;11;21;82;6
3471;16;18;27;86;9
3472;39;22;51;84;0
3473;22;19;66;77;0
3474;24;13;41;83;1
3475;24;18;46;80;4
3476;17;11;40;88;3
3477;37;14;44;87;0
3478;25;15;47;71;0
3479;27;10;42;71;0
3480;17;10;27;78;3
3481;22;12;28;85;0
3482;21;8;52;87;3
3483;23;9;61;98;0
3484;26;11;49;95;0
3485;23;9;39;87;4
3486;19;6;40;88;0
3487;19;13;34;52;0
3488;12;1;44;54;0
3489;15;1;38;61;0
3490;10;6;15;73;3
3491;13;5;33;76;2
3492;14;4;26;68;0
3493;39;3;33;73;1
3494;36;4;36;71;1
3495;17;7;21;91;4
3496;20;5;26;73;3
3497;15;8;24;61;0
3498;14;5;21;53;0
3499;12;1;23;72;0
3500;24;7;14;66;3
3501;22;8;23;64;5
3502;19;15;23;81;0
3503;25;9;29;77;0
3504;28;7;22;71;4
3505;28;6;23;67;7
3506;21;8;23;48;6
3507;22;4;13;35;0
3508;27;4;17;37;0
3509;21;2;14;38;0
3510;20;10;9;27;7
3511;22;13;0;27;3
3512;19;18;3;28;0
3513;17;15;2;30;0
3514;10;16;10;24;6
3515;10;23;14;31;6
3516;28;12;8;56;5
3517;36;13;12;29;0
3518;30;4;0;19;3
3519;30;7;1;15;3
3520;30;14;1;16;4
3521;21;16;9;11;0
3522;32;22;17;5;0
3523;30;16;21;16;0
3524;24;25;28;11;0
3525;31;14;23;14;0
3526;28;30;6;7;1
3527;32;28;14;0;2
3528;45;14;17;4;1
3529;22;10;22;2;0
3530;14;7;11;0;0
3531;21;2;5;0;0
3532;46;5;6;0;0
3533;48;7;3;0;0
3534;56;3;11;0;0
3535;79;5;6;0;0
3536;96;6;2;0;0
3537;130;10;10;0;0
3538;159;23;10;0;0
3539;165;26;10;0;0
3540;155;41;13;0;0
3541;136;36;41;0;1
3542;111;48;32;0;0
3543;65;42;31;0;0
3544;50;33;33;0;0
3545;72;32;44;0;0
3546;49;27;38;6;0
3547;69;13;42;14;0
3548;46;23;48;18;0
3549;24;30;59;24;0
3550;10;30;62;40;0
3551;5;28;71;50;0
3552;8;27;68;63;0
3553;2;21;62;83;0
3554;1;11;59;59;0
3555;2;9;51;52;0
3556;9;6;43;59;0
3557;7;12;42;58;0
3558;8;10;36;66;0
3559;5;14;26;82;0
3560;4;8;34;77;0
3561;8;11;27;91;0
3562;11;3;43;94;0
3563;12;6;46;96;0
3564;13;16;41;102;0
3565;5;15;44;106;0
3566;3;17;45;108;0
3567;5;12;39;111;0
3568;3;12;44;89;0
3569;4;15;35;93;0
3570;3;6;34;84;0
3571;5;14;18;75;0
3572;6;8;29;66;0
3573;6;9;26;57;0
3574;4;16;14;50;0
3575;5;8;18;53;0
3576;9;12;13;56;0
3577;5;8;15;56;0
3578;3;9;25;53;0
3579;4;15;20;47;0
3580;4;15;19;41;0
3581;2;14;16;38;0
3582;7;13;15;42;0
3583;5;12;13;46;0
3584;4;10;20;46;0
3585;5;11;19;41;0
3586;4;13;18;40;0
3587;8;16;19;44;0
3588;3;12;16;43;0
3589;5;14;14;47;0
3590;4;13;15;48;0
3591;5;11;16;44;0
3592;7;11;18;40;0
3593;8;8;24;42;0
3594;5;3;27;51;0
3595;4;4;22;50;0
3596;8;7;20;53;0
3597;7;3;24;52;0
3598;7;9;20;45;0
3599;8;7;23;47;0
3600;8;13;20;47;0
3601;9;12;22;42;0
3602;7;7;21;42;0
3603;2;5;29;47;0
3604;4;1;23;55;0
3605;11;2;17;60;0
3606;15;7;22;42;0
3607;9;5;28;29;0
3608;12;5;25;34;0
3609;7;5;20;47;0
3610;9;5;20;50;0
3611;8;7;19;55;0
3612;8;5;22;51;0
3613;16;6;17;58;0
3614;10;5;19;54;0
3615;18;5;17;57;0
3616;14;6;13;53;0
3617;17;5;20;50;0
3618;16;6;18;47;0
3619;11;11;15;51;0
3620;6;8;13;59;0
3621;6;8;9;62;0
3622;9;10;13;73;1
3623;8;16;18;69;0
3624;3;7;23;76;0
3625;0;0;32;79;0
3626;1;2;19;76;0
3627;0;1;23;68;0
3628;0;0;27;73;0
3629;0;1;26;71;0
3630;0;1;28;74;0
3631;0;4;26;74;0
3632;2;1;24;68;0
3633;2;3;23;70;0
3634;0;2;19;78;0
3635;0;1;18;78;0
3636;0;2;23;78;0
3637;0;8;23;78;0
3638;6;7;26;62;0
3639;5;6;35;69;0
3640;3;11;26;67;0
3641;13;11;21;68;0
3642;5;12;17;70;0
3643;7;17;15;68;0
3644;2;13;24;79;0
3645;5;13;29;90;3
3646;6;14;23;85;2
3647;2;9;29;71;2
3648;9;4;7;50;0
3649;9;9;9;18;3
3650;1;2;0;0;0
3651;0;0;3;5;0
3652;1;0;0;0;2
3653;0;0;0;0;4
3654;0;0;0;0;6
3655;0;0;0;0;1
3656;0;0;0;0;0
3657;0;0;0;0;0
3658;0;0;0;0;0
3659;0;0;0;0;0
3660;0;0;0;0;0
3661;0;0;0;0;0
3662;3;0;0;0;0
3663;0;0;0;2;0
3664;0;0;0;3;0
3665;1;0;0;0;4
3666;0;0;0;0;3
3667;0;0;0;0;0
3668;0;0;0;0;1
3669;1;0;0;0;3
3670;0;0;0;0;0
3671;0;0;0;0;0
3672;0;0;0;0;0
3673;0;0;0;0;0
3674;0;0;0;0;0
3675;0;0;0;0;0
3676;0;0;0;0;0
3677;0;0;0;0;0
3678;0;0;0;0;0
3679;0;0;0;0;0
3680;0;0;0;0;0
3681;0;0;0;0;0
3682;0;0;0;0;0
3683;1;0;0;0;1
3684;0;0;0;0;2
3685;0;0;0;0;2
3686;0;0;0;0;1
3687;0;0;0;0;0
3688;0;0;0;0;2
3689;0;0;0;0;0
3690;0;0;0;0;4
3691;0;0;0;0;0
3692;1;0;0;0;0
3693;0;0;0;0;0
3694;0;0;0;0;1
3695;0;0;0;0;0
3696;0;0;0;0;0
3697;0;0;0;0;0
3698;0;0;0;0;0
3699;0;0;0;0;0
3700;1;0;0;0;0
3701;0;0;0;0;0
3702;0;0;0;1;0
3703;0;0;1;1;0
3704;0;0;0;0;0
3705;0;0;0;0;0
3706;1;0;0;0;0
3707;1;0;1;0;0
3708;0;0;0;0;6
3709;0;0;0;0;0
3710;0;0;0;0;0
3711;0;0;0;0;0
3712;0;0;0;0;0
3713;0;0;0;0;0
3714;0;0;0;0;0
3715;0;0;0;0;0
3716;0;0;1;0;0
3717;1;0;0;0;0
3718;1;0;0;0;0
3719;0;0;0;0;0
3720;0;0;0;0;0
3721;0;0;0;0;0
3722;0;0;0;0;0
3723;0;0;0;0;0
3724;0;0;0;0;0
3725;2;0;0;0;0
3726;2;0;0;2;0
3727;4;1;0;2;0
3728;17;2;0;1;0
3729;7;0;0;5;0
3730;2;1;0;2;0
3731;1;1;0;2;0
3732;0;0;2;1;0
3733;0;0;2;0;0
3734;0;0;1;4;1
3735;0;0;0;4;3
3736;2;0;0;5;3
3737;0;0;0;4;2
3738;1;0;0;0;0
3739;5;0;0;0;0
3740;2;0;0;0;0
3741;2;0;0;0;0
3742;3;0;0;0;0
3743;2;0;0;0;0
3744;0;0;0;0;0
3745;1;0;1;0;0
3746;0;0;0;0;0
3747;0;0;0;0;0
3748;0;0;0;0;0
3749;0;0;0;1;0
3750;1;0;0;1;0
3751;0;0;0;0;0
3752;0;1;0;1;1
3753;0;2;0;0;0
3754;0;0;0;0;0
3755;0;0;0;0;0
3756;0;0;0;0;0
3757;0;0;0;0;0
3758;1;0;0;0;0
3759;0;0;0;0;0
3760;0;0;0;0;0
3761;0;0;0;0;0
3762;0;0;0;0;0
3763;0;0;0;0;0
3764;0;0;0;0;0
3765;0;0;0;0;0
3766;0;0;0;0;0
3767;0;0;0;0;0
3768;0;0;0;0;0
3769;0;0;0;0;0
3770;0;0;0;0;0
3771;0;0;0;0;0
3772;0;0;0;0;0
3773;0;0;0;0;0
3774;0;0;0;0;0
3775;0;0;0;0;0
3776;0;0;0;0;0
3777;0;0;0;0;0
3778;0;0;0;0;0
3779;0;0;0;0;0
3780;0;0;0;0;0
3781;1;0;0;0;0
3782;0;0;0;0;0
3783;0;0;0;0;0
3784;0;0;0;0;0
3785;0;0;0;0;0
3786;0;0;0;0;0
3787;0;0;0;0;0
3788;0;0;0;0;0
3789;1;0;0;0;0
3790;0;0;0;0;1
3791;0;0;0;0;0
3792;0;0;0;0;0
3793;0;0;0;0;0
3794;0;0;0;0;0
3795;1;0;0;0;0
3796;8;0;0;0;0
3797;35;0;0;0;0
3798;33;0;0;0;0
3799;44;0;0;0;0
3800;44;0;0;0;0
3801;83;0;0;0;0
3802;79;0;0;0;0
3803;32;0;0;0;0
3804;13;0;0;0;0
3805;8;0;0;0;0
3806;9;0;0;0;0
3807;22;0;0;0;0
3808;35;0;0;0;0
3809;47;5;0;0;0
3810;12;1;0;0;0
3811;12;0;0;0;0
3812;13;1;0;0;0
3813;7;0;0;0;0
3814;3;0;0;0;0
3815;3;0;0;0;0
3816;3;0;0;1;0
3817;0;0;0;0;0
3818;3;0;0;0;0
3819;15;0;0;0;0
3820;0;0;0;0;0
3821;4;0;0;0;0
3822;8;0;2;0;0
3823;10;0;1;0;0
3824;19;0;0;0;0
3825;0;0;0;0;0
3826;1;0;0;0;0
3827;6;0;0;0;0
3828;18;0;2;0;0
3829;32;0;0;1;0
3830;8;0;0;0;0
3831;38;0;0;0;0
3832;42;0;0;0;0
3833;26;0;0;0;0
3834;16;0;1;0;0
3835;1;0;0;0;0
3836;2;0;0;0;1
3837;0;0;0;0;0
3838;17;0;0;0;0
3839;25;0;0;0;0
3840;16;0;0;0;0
3841;29;0;0;0;5
3842;16;0;0;0;1
3843;4;0;1;0;0
3844;1;2;5;0;0
3845;1;0;0;0;0
3846;3;0;0;0;0
3847;2;0;0;0;0
3848;1;0;0;0;0
3849;1;0;0;0;0
3850;0;0;0;0;0
3851;0;0;0;0;0
3852;0;0;0;0;0
3853;0;0;0;0;0
3854;0;0;0;0;0
3855;0;0;0;0;0
3856;0;0;0;0;0
3857;0;0;0;0;0
3858;1;0;0;0;0
3859;0;0;0;0;0
3860;0;0;0;0;0
3861;2;0;0;0;0
3862;3;0;0;0;0
3863;0;0;0;0;0
3864;4;0;0;0;0
3865;2;0;0;0;0
3866;7;0;0;0;0
3867;6;0;0;1;1
3868;4;0;0;0;0
3869;0;0;0;0;0
3870;2;0;0;0;0
3871;3;0;0;0;0
3872;4;0;0;0;0
3873;1;0;0;0;0
3874;1;0;0;0;0
3875;0;0;0;0;0
3876;0;0;0;0;0
3877;1;0;0;0;0
3878;0;0;0;0;0
3879;0;0;0;0;1
3880;0;0;3;0;0
3881;0;0;1;0;7
3882;2;0;1;1;0
3883;1;0;0;1;0
3884;1;0;0;0;0
3885;0;0;0;1;0
3886;0;0;0;0;2
3887;0;0;0;0;2
3888;1;1;0;5;1
3889;6;2;0;11;0
3890;7;7;10;0;0
3891;10;5;4;0;0
3892;17;2;1;0;0
3893;1;0;0;0;1
3894;1;0;0;0;0
3895;0;0;0;0;0
3896;2;0;0;0;0
3897;2;0;0;0;0
3898;0;0;0;0;0
3899;0;0;0;0;0
3900;0;0;0;0;0
3901;0;0;0;0;0
3902;0;0;0;0;0
3903;1;0;4;0;0
3904;1;0;1;4;1
3905;1;0;2;6;0
3906;0;0;0;2;0
3907;4;0;0;0;2
3908;0;0;0;0;0
3909;1;0;1;0;0
3910;4;0;0;0;0
3911;1;0;0;0;0
3912;0;0;0;0;1
3913;1;0;0;0;0
3914;0;0;0;0;0
3915;0;0;0;0;0
3916;0;0;0;0;0
3917;0;0;0;0;0
3918;1;0;0;0;0
3919;0;0;0;0;0
3920;0;0;0;0;0
3921;1;0;0;0;0
3922;0;0;0;0;0
3923;0;0;0;0;0
3924;0;0;0;0;0
3925;1;0;0;0;0
3926;0;0;0;0;0
3927;0;0;0;0;0
3928;1;0;0;0;0
3929;0;0;0;0;0
3930;1;0;0;0;0
3931;1;0;0;0;0
3932;1;0;0;0;0
3933;1;0;0;0;0
3934;4;0;0;0;0
3935;7;0;0;0;0
3936;2;0;0;0;0
3937;2;0;0;0;0
3938;7;0;0;0;0
3939;3;0;0;0;0
3940;4;0;0;0;0
3941;2;0;0;0;1
3942;2;0;0;0;0
3943;7;0;0;0;0
3944;2;0;0;0;0
3945;9;0;0;0;0
3946;2;0;0;0;0
3947;0;0;0;0;0
3948;5;0;0;0;0
3949;3;0;0;0;0
3950;5;0;0;0;0
3951;4;0;0;0;0
3952;1;0;0;0;0
3953;0;0;0;0;0
3954;4;0;0;0;0
3955;0;0;0;0;0
3956;0;0;0;0;0
3957;0;0;0;0;0
3958;4;0;0;0;0
3959;2;0;0;0;0
3960;9;0;2;0;0
3961;8;0;0;0;0
3962;4;0;0;0;0
3963;7;2;0;0;0
3964;5;2;0;0;0
3965;7;0;0;0;0
3966;2;0;0;0;0
3967;2;0;0;0;0
3968;5;0;0;0;0
3969;4;0;0;0;0
3970;3;0;0;0;0
3971;5;0;0;0;0
3972;11;0;0;0;0
3973;5;0;0;0;0
3974;4;0;0;0;0
3975;3;2;0;0;0
3976;3;3;0;0;0
3977;0;5;0;0;0
3978;1;6;0;0;0
3979;0;6;0;0;0
3980;0;6;0;0;0
3981;1;6;0;0;1
3982;1;6;0;0;0
3983;0;2;0;0;0
3984;1;0;0;0;0
3985;0;0;0;0;0
3986;0;0;0;0;0
3987;0;0;0;0;0
3988;0;0;0;0;0
3989;0;0;0;0;0
3990;1;0;0;0;0
3991;2;0;0;0;0
3992;1;0;0;0;0
3993;1;0;0;0;0
3994;0;0;0;0;0
3995;2;0;0;0;0
3996;0;0;0;0;0
3997;0;0;0;0;0
3998;0;0;0;0;0
3999;0;0;0;0;0
4000;1;0;0;0;0
4001;0;0;0;0;0
4002;0;0;0;0;0
4003;1;0;0;0;0
4004;0;0;0;0;0
4005;0;0;0;0;0
4006;1;0;0;0;0
4007;11;6;3;0;0
4008;20;3;6;0;1
4009;6;0;0;0;0
4010;0;0;0;0;0
4011;1;3;0;1;0
4012;0;0;0;0;0
4013;0;0;0;0;0
4014;0;0;0;0;0
4015;0;0;0;0;0
4016;0;0;0;0;0
4017;0;0;0;0;0
4018;0;0;0;0;0
4019;1;0;0;0;0
4020;0;0;0;0;0
4021;1;0;0;0;0
4022;0;0;0;0;0
4023;1;0;0;0;0
4024;0;0;0;0;0
4025;1;0;0;0;0
4026;1;0;0;0;0
4027;0;0;0;0;3
4028;0;0;0;0;0
4029;0;0;0;0;0
4030;0;0;0;0;0
4031;0;0;0;0;0
4032;0;0;0;0;0
4033;0;0;0;0;0
4034;0;0;0;0;0
4035;0;0;0;0;0
4036;0;0;0;0;0
4037;0;0;0;0;0
4038;0;0;0;0;0
4039;0;0;0;0;0
4040;0;0;0;0;0
4041;1;0;0;0;0
4042;0;0;0;0;0
4043;0;0;0;0;0
4044;0;0;0;0;0
4045;0;0;0;0;0
4046;1;0;0;0;0
4047;0;0;0;0;0
4048;0;0;0;0;0
4049;0;0;0;0;0
4050;0;0;0;0;0
4051;0;0;0;0;0
4052;0;0;0;0;0
4053;0;0;0;0;0
4054;0;0;0;0;0
4055;0;0;0;0;0
4056;0;0;0;0;0
4057;0;0;0;0;0
4058;0;0;0;0;0
4059;0;0;0;0;0
4060;1;0;0;0;0
4061;1;0;0;0;0
4062;0;0;0;0;0
4063;0;0;0;0;0
4064;0;0;0;0;0
4065;1;0;0;0;0
4066;0;0;0;0;0
4067;1;0;0;0;0
4068;1;0;0;0;0
4069;0;0;0;0;0
4070;0;0;0;0;0
4071;0;0;0;0;0
4072;0;0;0;0;0
4073;0;0;0;0;0
4074;0;0;0;0;0
4075;0;0;0;0;1
4076;0;0;0;0;0
4077;0;0;0;0;0
4078;0;0;0;0;0
4079;0;0;0;0;0
4080;0;0;0;0;0
4081;0;0;0;0;0
4082;0;0;0;0;0
4083;0;0;0;0;0
4084;0;0;0;0;0
4085;0;0;0;0;0
4086;0;0;0;0;0
4087;1;0;0;0;0
4088;0;0;0;0;0
4089;0;0;0;0;0
4090;1;0;0;0;0
4091;0;0;0;0;0
4092;0;0;0;0;0
4093;0;0;0;0;0
4094;0;0;0;0;0
4095;0;0;0;0;0
4096;0;0;0;0;0
4097;0;0;0;0;0
4098;0;0;0;0;0
4099;0;0;0;0;0
4100;0;0;0;0;0
4101;0;0;0;0;0
4102;0;0;0;0;0
4103;0;0;0;0;0
4104;0;0;0;0;0
4105;0;0;0;0;0
4106;1;0;0;0;0
4107;0;0;0;0;0
4108;1;0;0;0;0
4109;0;0;0;0;0
4110;1;0;0;0;0
4111;0;0;0;0;0
4112;0;0;0;0;0
4113;1;0;1;0;0
4114;0;0;0;0;0
4115;2;0;0;0;0
4116;1;0;0;0;0
4117;0;0;0;0;0
4118;0;0;0;0;0
4119;0;0;0;0;0
4120;0;0;0;0;0
4121;0;0;0;0;0
4122;0;0;0;0;0
4123;0;0;0;0;0
4124;0;0;0;0;0
4125;0;0;0;0;0
4126;2;0;0;0;0
4127;0;0;0;0;0
4128;0;0;0;0;0
4129;0;0;0;0;0
4130;0;0;0;0;0
4131;1;0;0;0;0
4132;2;0;0;0;0
4133;1;0;0;0;0
4134;2;0;0;0;0
4135;1;0;0;0;0
4136;1;0;0;0;0
4137;1;0;0;0;0
4138;0;0;0;0;0
4139;0;0;0;0;0
4140;0;0;0;0;0
4141;0;0;0;0;0
4142;0;0;0;0;2
4143;4;0;0;0;0
4144;0;0;3;0;0
4145;6;0;0;0;0
4146;3;0;0;0;0
4147;4;0;0;0;0
4148;3;0;0;0;0
4149;5;0;0;0;0
4150;0;0;0;0;0
4151;1;0;0;0;0
4152;2;0;0;0;0
4153;0;0;0;0;0
4154;0;0;0;0;0
4155;0;0;0;0;0
4156;0;0;0;0;0
4157;0;0;0;0;0
4158;0;0;0;0;0
4159;1;0;0;0;0
4160;0;0;0;0;0
4161;0;0;0;0;0
4162;0;0;0;0;0
4163;0;0;0;0;0
4164;1;0;0;0;0
4165;0;0;0;0;0
4166;0;0;0;0;0
4167;0;0;0;0;0
4168;0;0;0;0;0
4169;0;0;0;0;0
4170;0;0;0;0;0
4171;0;0;0;0;0
4172;0;0;0;0;0
4173;1;0;0;0;0
4174;0;0;0;0;0
4175;0;0;0;0;0
4176;0;0;0;0;0
4177;1;0;0;0;0
4178;2;0;0;0;0
4179;0;0;0;0;0
4180;3;0;0;0;0
4181;1;0;0;0;0
4182;1;0;0;0;0
4183;0;0;0;0;0
4184;1;0;0;0;0
4185;0;0;0;0;0
4186;0;0;0;0;0
4187;1;0;0;0;0
4188;0;0;0;0;0
4189;3;0;0;0;0
4190;0;0;0;0;0
4191;0;0;0;0;0
4192;0;0;0;0;0
4193;0;0;0;0;0
4194;1;0;0;0;0
4195;2;0;0;0;0
4196;1;0;0;0;0
4197;0;0;0;0;0
4198;0;0;0;0;0
4199;0;0;0;0;0
4200;1;0;0;0;0
4201;0;0;0;0;0
4202;0;0;0;0;0
4203;4;0;0;0;0
4204;1;0;0;0;0
4205;1;0;0;0;0
4206;1;0;0;0;0
4207;1;0;0;0;0
4208;0;0;0;0;0
4209;1;0;0;0;0
4210;1;0;0;0;0
4211;3;0;0;0;0
4212;2;0;0;0;0
4213;5;0;0;0;0
4214;0;0;0;0;0
4215;3;0;0;0;0
4216;2;0;0;0;0
4217;2;0;0;0;0
4218;2;0;0;0;0
4219;3;0;0;0;0
4220;1;0;0;0;0
4221;1;0;0;0;0
4222;0;0;0;0;0
4223;3;0;0;0;0
4224;0;0;0;0;0
4225;4;0;0;0;0
4226;3;0;0;0;1
4227;4;0;0;0;0
4228;5;0;0;0;0
4229;1;0;0;0;0
4230;1;0;0;0;0
4231;1;0;0;0;0
4232;0;0;0;0;0
4233;0;0;0;0;0
4234;0;0;0;0;0
4235;0;0;0;0;0
4236;0;0;0;0;0
4237;0;0;0;0;0
4238;0;0;0;0;0
4239;0;0;0;0;0
4240;0;0;0;0;0
4241;0;0;0;0;0
4242;1;0;0;0;0
4243;0;0;0;0;0
4244;1;0;0;0;0
4245;1;0;0;0;0
4246;0;0;0;0;0
4247;1;0;0;0;0
4248;2;0;0;0;0
4249;1;0;0;0;0
4250;0;0;0;0;0
4251;0;0;0;0;0
4252;0;0;0;0;0
4253;1;0;0;0;0
4254;4;0;0;0;0
4255;1;0;0;0;0
4256;9;0;0;0;0
4257;3;0;0;0;0
4258;4;0;0;0;0
4259;3;0;0;0;0
4260;3;0;0;0;0
4261;1;0;0;0;0
4262;2;0;0;0;0
4263;1;0;0;0;0
4264;0;0;0;0;0
4265;1;0;0;0;0
4266;1;0;0;0;0
4267;1;0;0;0;0
4268;0;0;0;0;0
4269;0;0;0;0;0
4270;0;0;0;0;0
4271;1;0;0;0;0
4272;1;0;0;0;0
4273;1;0;0;0;0
4274;0;0;0;0;0
4275;0;0;0;0;0
4276;0;0;0;0;0
4277;0;0;0;0;1
4278;0;0;0;0;0
4279;0;0;0;0;0
4280;1;0;0;0;0
4281;0;0;0;0;0
4282;0;0;0;0;0
4283;1;0;0;0;0
4284;1;0;0;0;0
4285;0;0;0;0;0
4286;1;0;0;0;1
4287;1;0;0;0;0
4288;1;0;0;0;0
4289;0;0;0;0;0
4290;0;0;0;0;0
4291;2;0;0;0;0
4292;0;0;0;0;0
4293;0;0;0;0;0
4294;0;0;0;0;0
4295;0;0;0;0;0
4296;0;0;0;0;0
4297;1;0;0;0;0
4298;0;0;0;0;0
4299;0;0;0;0;0
4300;0;0;0;0;0
4301;0;0;0;0;0
4302;0;0;0;0;0
4303;0;0;0;0;0
4304;0;0;0;0;0
4305;0;0;0;0;0
4306;0;0;0;0;0
4307;0;0;0;0;0
4308;0;0;0;0;0
4309;0;0;0;0;0
4310;0;0;0;0;0
4311;0;0;0;0;0
4312;1;0;0;0;0
4313;2;0;0;0;0
4314;1;0;0;0;0
4315;0;0;0;0;0
4316;0;0;0;0;0
4317;2;0;0;0;0
4318;0;0;0;0;1
4319;0;0;0;0;2
4320;3;0;0;0;0
4321;2;0;0;1;1
4322;5;0;0;0;0
4323;2;0;0;0;0
4324;0;0;0;0;0
4325;1;0;0;0;0
4326;0;0;0;1;0
4327;1;0;0;0;0
4328;1;0;0;0;0
4329;2;0;0;0;0
4330;3;0;0;0;2
4331;1;0;0;1;0
