;244.595;248.955;247.36;244.595;182.763;170.49;0
;245.048;248.819;247.934;245.048;179.815;167.552;6
;244.991;249.1;247.862;244.991;180.242;167.647;12
;244.917;249.267;247.815;244.917;181.42;166.618;18
;245.903;249.19;248.456;245.903;180.15;166.338;24
;250.979;250.111;250.762;250.979;178.936;159.851;30
;239.258;236.394;237.405;239.258;206.404;199.036;36
;233.404;231.366;232.274;233.404;222.834;219.755;42
;219.081;217.332;218.196;219.081;208.626;202.966;48
;222.93;221.484;223.679;222.93;212.224;206.834;54
;192.551;197.653;198.284;192.551;215.847;209.425;60
;164.528;176.518;177.296;164.528;218.586;214.76;66
;157.217;177.985;172.731;157.217;225.489;222.791;72
;164.007;188.388;183.358;164.007;227.666;226.233;78
;186.513;198.055;198.356;186.513;222.715;221.589;84
;212.873;207.849;210.254;212.873;233.063;231.498;90
;232.018;228.974;230.303;232.018;231.119;231.664;96
;235.207;233.473;234.576;235.207;231.128;230.534;102
;227.036;222.329;223.411;227.036;207.509;207.772;108
;217.834;208.033;208.284;217.834;174.184;176.622;114
;194.033;186.697;188.067;194.033;175.186;177.427;120
;237.401;231.116;230.407;237.401;174.045;179.456;126
;242.371;238.549;237.393;242.371;183.047;188.558;132
;232.304;226.835;226.104;232.304;189.696;192.804;138
;245.665;240.212;238.653;245.665;189.812;193.969;144
;227.455;220.262;219.942;227.455;208.587;211.804;150
;244.42;239.685;238.602;244.42;204.98;209.104;156
;247.363;243.497;242.301;247.363;211.065;214.627;162
;218.861;211.409;210.201;218.861;211.425;214.767;168
;241.915;235.537;233.984;241.915;210.23;213.947;174
;224.444;216.741;215.807;224.444;219.429;223.763;180
;245.621;240.712;239.505;245.621;224.472;230.162;186
;248.026;244.296;243.236;248.026;217.262;222.723;192
;216.156;206.845;206.218;216.156;209.97;217.854;198
;241.647;234.844;233.302;241.647;214.222;222.716;204
;231.458;223.848;222.901;231.458;206.32;218.671;210
;211.393;199.634;196.837;211.393;221.549;229.47;216
;245.511;238.818;236.566;245.511;209.398;218.691;222
;209.671;198.31;197.394;209.671;206.495;214.939;228
;247.681;240.658;237.755;247.681;210.33;214.112;234
;250.07;244.931;242.273;250.07;226.229;231.563;240
;233.674;225.256;223.238;233.674;223.227;231.874;246
;243.112;235.9;233.094;243.112;209.273;217.292;252
;215.283;203.851;201.704;215.283;220.057;216.643;258
;239.784;231.826;229.07;239.784;247.004;247.466;264
;231.377;222.959;220.884;231.377;242.414;243.687;270
;201.561;189.772;188.754;201.561;221.162;226.148;276
;233.99;224.566;222.085;233.99;193.935;203.81;282
;228.649;217.653;215.991;228.649;211.498;217.416;288
;246.001;239.164;236.724;246.001;215.204;221.273;294
;246.58;241.153;238.716;246.58;210.946;216.73;300
;208.798;197.732;196.676;208.798;187.597;197.748;306
;242.384;235.046;232.233;242.384;200.544;208.169;312
;247.742;242.103;239.563;247.742;213.836;218.534;318
;235.93;228.713;227.093;235.93;207.721;213.071;324
;243.372;236.898;234.52;243.372;193.845;201.624;330
;208.653;198.629;197.621;208.653;197.429;203.005;336
;246.526;241.302;238.781;246.526;199.776;207.433;342
;249.332;244.474;242.518;249.332;202.268;211.414;348
;221.742;213.736;212.654;221.742;200.538;207.077;354
;244.965;238.851;236.002;244.965;190.827;194.619;360
;212.553;203.629;203.15;212.553;201.659;203.282;366
;244.061;237.772;234.947;244.061;207.49;205.557;372
;241.471;233.105;231.451;241.471;199.687;197.788;378
;213.673;201.701;199.128;213.673;188.012;183.269;384
;210.165;194.942;190.438;210.165;171.716;171.526;390
;222.084;215.345;214.57;222.084;195.882;192.238;396
;237.64;237.767;238.896;237.64;222.54;212.729;402
;241.226;238.772;238.416;241.226;223.23;212.376;408
;208.654;204.776;207.765;208.654;213.19;204.643;414
;219.146;221.416;223.927;219.146;220.26;211.443;420
;200.178;213.642;218.624;200.178;221.898;211.976;426
;210.501;226.761;230.147;210.501;233.465;221.087;432
;232.304;245.887;247.435;232.304;230.182;219.607;438
;211.066;219.421;217.836;211.066;223.578;210.892;444
;222.762;242.247;240.341;222.762;221.617;203.788;450
;213.833;239.725;234.345;213.833;207.273;190.631;456
;208.033;229.492;222.81;208.033;193.969;179.722;462
;217.975;231.823;227.429;217.975;218.236;211.123;468
;203.713;204.353;202.065;203.713;213.212;205.775;474
;216.817;234.872;228.869;216.817;229.512;219.887;480
;207.183;225.932;217.185;207.183;222.27;212.317;486
;189.905;199.47;191.337;189.905;205.955;195.594;492
;184.618;181.866;174.862;184.618;172.158;161.465;498
;189.284;175.446;168.283;189.284;178.213;163.243;504
;202.064;190.455;179.788;202.064;190.316;171.44;510
;209.278;201.591;187.63;209.278;198.897;179.134;516
;211.843;206.343;190.667;211.843;208.321;185.041;522
;228.567;224.08;210.792;228.567;205.505;184.847;528
;224.971;215.213;205.372;224.971;226.551;205.868;534
;244.015;239.226;232.762;244.015;229.95;210.966;540
;245.534;240.869;234.947;245.534;233.35;216.943;546
;225.781;217.086;210.9;225.781;234.273;221.744;552
;241.645;241.808;236.33;241.645;230.091;224.871;558
;210.043;211.397;200.994;210.043;241.741;236.185;564
;225.44;228.938;219.973;225.44;242.393;236.384;570
;217.397;226.102;212.513;217.397;238.013;232.485;576
;211.7;219.584;203.94;211.7;228.536;221.762;582
;215.194;226.441;210.128;215.194;224.712;220.865;588
;213.597;222.767;207.946;213.597;227.447;223.131;594
;230.02;236.43;226.584;230.02;226.676;224.615;600
;233.304;237.32;228.574;233.304;227.097;226.133;606
;210.951;210.585;201.938;210.951;237.073;232.96;612
;234.317;233.098;226.48;234.317;217.196;207.524;618
;213.424;209.446;203.356;213.424;224.305;215.538;624
;234.709;233.491;229.011;234.709;227.855;228.354;630
;232.795;236.975;231.356;232.795;230.763;231.11;636
;206.971;209.481;202.884;206.971;228.766;228.348;642
;233.164;234.778;228.363;233.164;230.274;231.02;648
;203.97;202.794;197.687;203.97;168.959;172.337;654
;239.684;241.874;234.934;239.684;207.657;212.46;660
;231.405;239.863;231.055;231.405;236.928;239.833;666
;203.042;213.535;205.208;203.042;239.275;240.961;672
;220.184;231.47;224.371;220.184;225.077;229.408;678
;179.109;189.796;183.755;179.109;234.522;237.298;684
;203.732;227.306;218.759;203.732;235.541;239.774;690
;195.975;230.448;216.21;195.975;229.79;234.717;696
;181.094;214.186;196.579;181.094;220.199;224.925;702
;195.485;235.635;217.035;195.485;211.731;214.338;708
;194.461;211.408;205.109;194.461;224.669;224.134;714
;215.222;244.791;231.501;215.222;246.076;247.047;720
;213.001;239.534;226.115;213.001;250.051;251.275;726
;185.556;210.501;196.794;185.556;244.899;247.001;732
;194.01;220.53;207.253;194.01;233.731;237.742;738
;170.211;185.301;174.824;170.211;236.915;239.268;744
;201.715;218.396;207.623;201.715;211.717;216.655;750
;187.134;212.269;197.498;187.134;204.434;208.788;756
;171.828;194.076;180.586;171.828;206.14;210.296;762
;185.28;207.139;194.351;185.28;222.204;226.397;768
;170.724;190.774;178.533;170.724;230.4;233.819;774
;184.012;201.961;191.002;184.012;231.412;236.637;780
;175.337;196.046;182.236;175.337;218.901;222.248;786
;169.108;189.25;175.046;169.108;242.212;243.26;792
;187.075;202.405;192.353;187.075;221.051;224.523;798
;176.527;188.932;181.218;176.527;237.131;240.624;804
;187.417;201.617;193.849;187.417;230.419;235.235;810
;186.694;205.107;196.775;186.694;222.481;227.729;816
;180.696;194.41;187.676;180.696;226.911;229.467;822
;197.968;208.64;202.77;197.968;221.745;227.451;828
;172.991;184.94;178.22;172.991;234.577;237.868;834
;197.736;209.192;202.116;197.736;220.899;225.869;840
;188.828;206.735;195.797;188.828;230.629;233.628;846
;172.124;186.343;176.453;172.124;235.718;237.786;852
;182.908;199.441;188.467;182.908;220.175;221.959;858
;172.293;186.271;175.73;172.293;245.87;245.599;864
;198.068;209.215;200.933;198.068;237.316;237.494;870
;199.652;212.289;203.589;199.652;238.291;237.353;876
;191.293;197.544;192.23;191.293;231.441;231.96;882
;210.628;214.701;210.321;210.628;217.943;221.801;888
;167.052;179.124;172.551;167.052;230.979;235.136;894
;190.82;207.068;200.03;190.82;238.845;242.292;900
;187.314;206.272;195.776;187.314;251.958;253.233;906
;171.379;187.552;179.461;171.379;223.679;226.372;912
;189.113;204.876;195.709;189.113;216.463;218.18;918
;162.539;176.128;168.63;162.539;242.385;242.695;924
;190.549;205.388;199.059;190.549;231.239;233.451;930
;187.714;205.305;198.67;187.714;232.405;233.157;936
;188.974;205.035;200.774;188.974;237.035;238.913;942
;192.162;207.261;203.903;192.162;215.462;217.963;948
;173.066;186.511;184.026;173.066;238.709;239.958;954
;203.321;220.391;215.031;203.321;241.612;243.105;960
;195.539;212.086;206.55;195.539;244.996;247.047;966
;198.226;212.469;208.695;198.226;241.876;246.347;972
;203.684;216.535;213.687;203.684;231.993;237.528;978
;170.319;182.125;181.766;170.319;224.044;229.539;984
;205.357;220.309;218.046;205.357;223.865;229.418;990
;196.406;214.866;210.648;196.406;236.574;241.237;996
;197.656;213.475;208.978;197.656;234.873;239.755;1002
;205.48;216.632;212.936;205.48;210.034;214.176;1008
;180.115;189.941;187.357;180.115;229.138;230.063;1014
;207.68;214.116;212.291;207.68;200.569;205.556;1020
;184.528;201.201;195.672;184.528;204.753;208.567;1026
;196.202;214.465;208.25;196.202;224.561;230.047;1032
;191.112;211.669;205.402;191.112;203.319;208.593;1038
;169.171;186.681;182.042;169.171;216.445;219.869;1044
;196.3;208.994;204.643;196.3;218.841;225.223;1050
;179.574;195.686;189.899;179.574;231.528;236.554;1056
;197.47;211.632;205.677;197.47;203.737;209.678;1062
;194.457;211.143;203.602;194.457;216.873;222.118;1068
;173.731;184.698;178.272;173.731;213.23;217.643;1074
;210.463;221.755;214.84;210.463;219.89;225.383;1080
;183.125;196.365;187.846;183.125;244.097;246.033;1086
;197.429;210.254;203.899;197.429;209.405;215.973;1092
;198.8;211.705;205.323;198.8;228.287;232.551;1098
;168.956;176.011;172.312;168.956;230.822;235.076;1104
;203.638;210.38;206.902;203.638;213.703;220.056;1110
;183.852;193.724;189.16;183.852;207.189;212.849;1116
;199.344;211.159;205.561;199.344;227.208;232.935;1122
;192.495;206.811;199.917;192.495;240.895;244.251;1128
;173.29;186.598;180.177;173.29;242.438;244.659;1134
;194.256;206.918;200.935;194.256;226.429;230.819;1140
;172.324;186.577;179.788;172.324;227.962;229.725;1146
;196.394;217.842;207.697;196.394;233.202;234.992;1152
;193.005;218.32;207.365;193.005;252.195;252.768;1158
;179.825;199.495;191.497;179.825;238.085;240.069;1164
;197.509;218.145;210.011;197.509;235.155;236.576;1170
;161.807;173.96;171.733;161.807;235.968;235.738;1176
;187.381;206.936;202.062;187.381;213.204;213.576;1182
;176.856;200.301;195.26;176.856;216.312;217.528;1188
;182.65;204.563;199.272;182.65;222.539;226.003;1194
;176.902;202.828;197.255;176.902;210.747;215.429;1200
;162.25;172.957;170.182;162.25;221.646;225.461;1206
;186.215;217.949;208.103;186.215;209.905;212.293;1212
;219.559;231.541;229.024;219.559;236.282;238.545;1218
;249.845;249.159;250.587;249.845;232.232;234.633;1224
;252.479;253.127;253.615;252.479;213.182;211.2;1230
;231.041;228.976;229.746;231.041;202.289;204.256;1236
;254.2;253.507;253.981;254.2;214.886;216.884;1242
;228.756;226.13;226.99;228.756;235.551;236.12;1248
;252.856;250.592;250.717;252.856;220.554;220.126;1254
;253.523;252.352;252.306;253.523;215.188;212.143;1260
;229.428;226.416;226.406;229.428;195.147;192.649;1266
;246.78;238.785;238.033;246.78;203.612;202.782;1272
;228.159;224.421;225.389;228.159;223.751;220.636;1278
;251.788;252.281;252.557;251.788;209.313;206.705;1284
;251.713;252.399;252.824;251.713;199.466;193.374;1290
;235.323;233.145;234.065;235.323;204.612;196.541;1296
;252.694;251.273;252.023;252.694;205.755;200.972;1302
;236.562;234.162;235.687;236.562;208.733;202.825;1308
;252.343;252.339;252.999;252.343;201.47;196.674;1314
;248.764;251.672;252.17;248.764;191.219;187.513;1320
;235.092;237.366;238.268;235.092;186.631;183.951;1326
;249.322;253.676;253.984;249.322;189.463;188.562;1332
;228.185;230.938;232.531;228.185;192.869;187.875;1338
;250.181;252.448;253.326;250.181;199.246;197.646;1344
;248.955;251.756;252.858;248.955;182.876;180.347;1350
;224.811;222.191;223.702;224.811;185.539;184.766;1356
;251.478;254.124;254.45;251.478;187.072;187.575;1362
;209.872;209.847;212.254;209.872;177.862;178.977;1368
;249.577;253.335;253.533;249.577;215.705;211.796;1374
;227.159;236.199;239.91;227.159;218.449;219.922;1380
;223.665;227.125;235.021;223.665;215.057;213.127;1386
;250.152;252.054;253.646;250.152;228.779;227.92;1392
;214.366;213.097;216.277;214.366;232.512;234.028;1398
;251.603;250.237;252.497;251.603;235.334;231.771;1404
;251.589;250.363;252.718;251.589;233.408;231.63;1410
;247.16;246.932;249.303;247.16;227.207;224.276;1416
;249.541;249.056;252.181;249.541;220.75;220.28;1422
;240.184;241.408;244.365;240.184;215.542;217.16;1428
;246.23;248.076;250.212;246.23;217.108;218.97;1434
;248.697;254.632;254.734;248.697;209.935;211.5;1440
;241.828;251.813;252.8;241.828;227.84;228.279;1446
;245.784;254.031;254.361;245.784;240.166;242.814;1452
;220.773;233.025;235.977;220.773;245.086;249.818;1458
;234.695;249.451;251.818;234.695;242.419;246.366;1464
;225.307;243.362;246.266;225.307;230.395;235.023;1470
;210.926;225.81;229.444;210.926;234.189;239.002;1476
;225.752;232.53;235.879;225.752;223.314;227.665;1482
;212.694;228.583;230.973;212.694;229.313;232.948;1488
;225.086;234.698;238.261;225.086;232.931;236.028;1494
;223.378;236.007;237.415;223.378;231.754;234.18;1500
;214.196;225.17;226;214.196;225.453;228.412;1506
;232.018;239.742;240.733;232.018;228.112;229.831;1512
;221.727;232.393;231.891;221.727;230.688;232.121;1518
;228.427;239.673;239.451;228.427;228.579;229.541;1524
;225.293;237.777;235.99;225.293;236.869;236.401;1530
;206.868;218.639;215.973;206.868;225.263;225.511;1536
;229.536;237.377;236.923;229.536;221.086;221.788;1542
;206.431;214.99;211.172;206.431;228.83;229.37;1548
;215.779;232.268;227.897;215.779;221.439;221.746;1554
;206.136;232.238;227.577;206.136;209.676;205.478;1560
;193.466;198.638;189.904;193.466;200.03;198.375;1566
;188.167;194.939;184.332;188.167;144.393;133.14;1572
;210.965;206.587;201.77;210.965;166.977;148.162;1578
;208.181;209.852;206.201;208.181;146.088;141.092;1584
;232.165;235.186;231.968;232.165;128.678;131.343;1590
;234.918;233.301;231.37;234.918;131.501;141.968;1596
;243.31;237.991;235.196;243.31;148.281;163.538;1602
;236.328;228.124;225.6;236.328;163.235;182.671;1608
;249.27;241.29;238.665;249.27;178.091;203.963;1614
;249.711;242.965;240.103;249.711;178.934;204.127;1620
;250.235;246.162;245.32;250.235;173.012;200.883;1626
;246.328;238.799;237.393;246.328;174.481;194.847;1632
;250.25;246.546;245.506;250.25;167.601;197.707;1638
;249.038;242.934;241.658;249.038;186.193;216.377;1644
;247.557;244.055;243.41;247.557;193.088;228.876;1650
;242.411;242.028;242.575;242.411;192.271;228.608;1656
;238.392;237.066;237.72;238.392;169.681;203.412;1662
;240.56;240.161;240.793;240.56;178.448;214.253;1668
;244.083;243.715;244.102;244.083;164.734;201.364;1674
;245.786;248.798;249.284;245.786;166.279;205.73;1680
;241.936;245.974;246.976;241.936;169.515;206.72;1686
;243.786;247.17;247.915;243.786;179.101;210.5;1692
;234.418;240.789;241.929;234.418;166.66;199.829;1698
;239.336;243.46;243.283;239.336;174.899;204.427;1704
;241.352;250.799;251.318;241.352;169.778;193.192;1710
;237.68;244.455;245.033;237.68;156.361;183.385;1716
;234.594;241.214;241.414;234.594;162.063;187.969;1722
;238.622;243.63;244.071;238.622;165.737;190.025;1728
;241.106;242.301;242.581;241.106;175.514;204.199;1734
;240.691;241.626;240.737;240.691;179.221;205.272;1740
;229.108;229.98;228.937;229.108;157.05;186.268;1746
;237.917;234.662;231.907;237.917;152.479;183.308;1752
;238.421;235.222;233.14;238.421;174.243;206.995;1758
;243.396;241.061;238.729;243.396;191.98;224.368;1764
;242.274;240.782;238.536;242.274;180.622;216.303;1770
;219.853;215.117;213.749;219.853;182.039;215.951;1776
;240.033;236.837;234.8;240.033;182.23;212.754;1782
;228.568;225.728;225.188;228.568;178.663;210.488;1788
;242.712;240.517;238.714;242.712;201.269;230.477;1794
;239.904;239.231;237.278;239.904;198.019;231.304;1800
;214.841;209.929;207.982;214.841;191.576;219.674;1806
;238.23;234.34;231.504;238.23;193.251;214.86;1812
;229.691;227.217;226.112;229.691;205.681;231.243;1818
;236.743;236.186;234.869;236.743;205.713;230.189;1824
;237.857;238.377;237.038;237.857;188.573;219.008;1830
;216.997;212.636;210.905;216.997;202.511;223.678;1836
;233.636;232.505;230.377;233.636;199.894;215.385;1842
;222.742;221.477;219.957;222.742;199.859;220.659;1848
;237.906;237.066;235.279;237.906;192.253;213.607;1854
;234.056;233.058;229.861;234.056;202.75;217.321;1860
;208.071;204.285;202;208.071;192.324;210.623;1866
;233.751;228.778;225.153;233.751;163.629;184.639;1872
;237.374;233.467;230.411;237.374;188.038;206.371;1878
;243.591;241.758;238.236;243.591;185.216;206.861;1884
;237.734;233.524;229.176;237.734;176.229;200.207;1890
;216.942;208.268;204.878;216.942;173.218;199.818;1896
;239.802;232.03;226.607;239.802;193.619;219.44;1902
;241.097;236.8;233.775;241.097;168.84;199.662;1908
;241.353;235.938;232.041;241.353;199.152;223.729;1914
;238.943;233.798;229.888;238.943;193.765;217.48;1920
;210.538;201.844;200.072;210.538;191.112;216.011;1926
;238.85;233.521;230.218;238.85;186.749;211.611;1932
;239.107;234.961;232.625;239.107;184.053;208.194;1938
;240.294;236.534;233.111;240.294;217.044;234.256;1944
;237.052;233.815;230.815;237.052;198.381;217.693;1950
;210.188;203.873;202.219;210.188;184.903;210.018;1956
;238.097;232.182;227.918;238.097;186.515;208.678;1962
;239.793;236.533;234.28;239.793;183.134;212.828;1968
;239.794;235.941;232.784;239.794;187.368;216.126;1974
;241.865;237.607;234.073;241.865;174.166;202.221;1980
;214.412;205.016;203.076;214.412;198.401;219.45;1986
;242.754;240.397;238.118;242.754;194.839;216.946;1992
;244.318;243.815;242.841;244.318;171.572;198.729;1998
;239.708;237.437;235.611;239.708;188.898;216.457;2004
;238.399;235.695;232.998;238.399;171.121;196.798;2010
;208.502;199.686;198.585;208.502;159.628;179.508;2016
;242.558;239.952;237.814;242.558;182.99;207.123;2022
;243.523;244.496;243.49;243.523;184.123;207.643;2028
;238.23;241.199;241.057;238.23;179.151;207.223;2034
;237.626;239.633;239.302;237.626;158.809;182.242;2040
;206.767;203.741;204.369;206.767;185.527;204.036;2046
;222.842;233.372;230.612;222.842;222.104;223.136;2052
;210.69;225.824;220.839;210.69;232.213;235.247;2058
;205.739;220.098;215.432;205.739;235.245;234.988;2064
;206.21;226.507;222.624;206.21;223.836;224.223;2070
;181.106;194.526;192.978;181.106;237.327;238.972;2076
;211.823;222.067;220.663;211.823;207.63;207.657;2082
;214.469;215.293;215.563;214.469;183.06;183.13;2088
;242.459;242.588;243.068;242.459;232.955;235.92;2094
;239.074;241.13;242.02;239.074;236.926;237.829;2100
;224.595;220.66;222.298;224.595;237.201;236.49;2106
;232.946;228.066;228.425;232.946;215.927;214.402;2112
;232.958;228.072;228.582;232.958;225.48;224.121;2118
;232.661;227.305;228.295;232.661;224.233;223.489;2124
;219.797;212.441;210.539;219.797;212.74;210.348;2130
;212.217;206.348;207.674;212.217;202.709;202.991;2136
;233.443;229.829;230.401;233.443;169.058;166.471;2142
;218.991;210.335;209.876;218.991;157.902;153.414;2148
;237.489;232.28;231.938;237.489;187.62;184.154;2154
;237.226;231.205;229.401;237.226;202.762;200.573;2160
;205.574;194.068;191.597;205.574;184.194;181.212;2166
;231.732;222.715;220.216;231.732;191.9;190.213;2172
;210.8;192.976;186.804;210.8;197.811;194.162;2178
;214.819;195.672;186.137;214.819;215.767;213.656;2184
;210.573;184.091;171.5;210.573;206.139;202.975;2190
;200.698;177.359;166.615;200.698;183.115;175.386;2196
;217.437;195.233;181.722;217.437;159.409;149.124;2202
;227.783;207.12;198.572;227.783;162.036;149.263;2208
;250.167;237.765;228.644;250.167;179.25;157.87;2214
;253.457;245.841;240.685;253.457;187.529;161.604;2220
;231.28;220.649;216.156;231.28;191.714;173.432;2226
;253.658;248.146;243.91;253.658;182.106;161.836;2232
;243.257;234.578;232.022;243.257;182.243;172.461;2238
;253.971;250.365;248.023;253.971;175.083;164.683;2244
;253.679;249.109;248.174;253.679;172.035;159.462;2250
;224.987;215.712;215.362;224.987;172.16;165.892;2256
;247.677;244.344;242.961;247.677;181.543;173.663;2262
;247.232;244.192;244.998;247.232;202.722;196.124;2268
;252.577;249.622;249.902;252.577;225.614;220.038;2274
;252.556;249.241;250.215;252.556;214.216;206.058;2280
;225.698;218.815;219.129;225.698;213.584;204.123;2286
;250.146;244.295;244.405;250.146;208.244;201.621;2292
;247.413;240.511;242.62;247.413;214.624;208.541;2298
;247.993;243.678;244.59;247.993;210.358;204.817;2304
;247.885;244.374;246.964;247.885;202.931;200.62;2310
;218.171;213.279;215.628;218.171;213.904;213.428;2316
;248.99;247.926;249.458;248.99;222.051;221.59;2322
;235.118;233.044;236.778;235.118;221.692;217.939;2328
;246.302;246.557;248.849;246.302;185.791;179.515;2334
;248.844;248.848;250.159;248.844;170.794;167.014;2340
;229.718;228.607;230.893;229.718;152.15;149.651;2346
;250.303;251.011;251.54;250.303;156.43;160.065;2352
;223.206;223.521;226.742;223.206;205.667;208.831;2358
;233.99;238.247;239.528;233.99;228.68;229.958;2364
;214.48;218.085;221.663;214.48;228.408;233.359;2370
;193.039;189.868;193.471;193.039;201.305;207.634;2376
;208.213;203.83;204.099;208.213;153.908;156.355;2382
;182.172;167.383;167.437;182.172;137.44;133.454;2388
;189.827;168.952;161.842;189.827;159.579;153.684;2394
;212.2;190.174;184.5;212.2;166.271;164.999;2400
;224.283;206.745;200.055;224.283;182.283;182.871;2406
;242.739;230.082;222.549;242.739;183.812;183.19;2412
;216.904;203.951;201.575;216.904;198.715;200.545;2418
;249.517;244.425;240.48;249.517;204.982;195.241;2424
;252.928;250.063;249.246;252.928;213.006;189.724;2430
;250.27;247.368;246.412;250.27;209.838;188.845;2436
;254.292;252.296;251.259;254.292;204.569;184.035;2442
;226.856;219.375;219.484;226.856;204.17;181.153;2448
;254.462;253.223;252.848;254.462;213.4;185.575;2454
;254.418;253.064;253.337;254.418;210.185;178.996;2460
;253.854;252.311;252.351;253.854;216.863;191.056;2466
;250.95;248.707;248.243;250.95;231.099;230.898;2472
;206.973;198.969;200.771;206.973;239.213;237.904;2478
;233.124;227.854;226.946;233.124;219.471;219.228;2484
;235.957;228.263;229.278;235.957;222.339;225.932;2490
;243.947;238.336;237.86;243.947;211.28;207.395;2496
;241.66;236.339;235.743;241.66;223.2;232.586;2502
;206.911;198.38;201.392;206.911;225.668;234.829;2508
;230.845;224.541;227.585;230.845;218.301;226.81;2514
;221.019;214.938;218.353;221.019;216.816;227.691;2520
;237.067;233.943;234.316;237.067;234.154;234.623;2526
;238.039;233.524;235.439;238.039;222.804;218.859;2532
;203.018;196.909;200.492;203.018;232.021;245.927;2538
;244.551;241.17;241.967;244.551;211.889;219.486;2544
;232.876;228.35;230.845;232.876;226.283;234.808;2550
;247.571;245.083;246.5;247.571;226.678;239.636;2556
;247.921;243.996;246.616;247.921;216.24;211.76;2562
;214.159;208.713;211.287;214.159;185.401;167.061;2568
;246.63;243.941;244.932;246.63;176.436;164.619;2574
;191.751;185.704;188.507;191.751;216.472;213.85;2580
;238.268;236.072;237.043;238.268;181.423;172.136;2586
;231.849;227.985;230.032;231.849;185.665;177.107;2592
;222.935;220.277;221.792;222.935;214.997;212.541;2598
;232.454;230.456;231.612;232.454;227.003;232.732;2604
;180.208;175.874;180.485;180.208;224.743;225.842;2610
;197.884;195.571;199.139;197.884;186.626;221.58;2616
;231.999;229.728;233.193;231.999;229.663;242.194;2622
;236.674;235.071;237.673;236.674;236.317;250.599;2628
;238.378;236.452;238.416;238.378;229.9;242.159;2634
;210.948;206.807;210.361;210.948;236.218;247.335;2640
;242.703;240.519;241.88;242.703;238.96;235.834;2646
;224.398;218.683;222.501;224.398;244.558;241.267;2652
;227.73;225.123;227.275;227.73;236.415;245.285;2658
;215.304;212.281;212.108;215.304;246.844;245.897;2664
;188.45;181.781;185.947;188.45;237.945;238.608;2670
;228.523;224.89;226.767;228.523;206.359;212.343;2676
;211.304;204.665;208.601;211.304;227.76;228.453;2682
;238.844;234.262;237.532;238.844;235.424;235.926;2688
;233.824;229.792;232.799;233.824;232.661;233.791;2694
;214.163;208.333;212.987;214.163;226.096;229.091;2700
;227.399;222.847;226.649;227.399;218.889;221.425;2706
;204.576;198.834;204.245;204.576;209.449;215.824;2712
;247.92;245.745;247.928;247.92;231.261;246.619;2718
;246.089;244.15;245.554;246.089;222.086;221.394;2724
;226.525;224.774;227.902;226.525;231.666;234.239;2730
;229.789;228.933;231.266;229.789;222.514;239.579;2736
;192.182;187.501;193.054;192.182;241.575;243.026;2742
;218.436;217.198;220.884;218.436;243.872;244.432;2748
;215.796;218.273;221.494;215.796;230.589;238.608;2754
;218.827;221.324;225.751;218.827;221.343;242.467;2760
;231.867;233.454;235.156;231.867;209.596;211.659;2766
;182.678;179.448;185.096;182.678;230.983;243.2;2772
;231.609;233.038;235.606;231.609;223.068;241.577;2778
;226.408;225.742;228.652;226.408;225.677;242.347;2784
;234.54;233.645;236.622;234.54;224.857;239.689;2790
;245.043;244.587;246.373;245.043;226.002;229.343;2796
;199.636;196.335;200.931;199.636;242.35;242.472;2802
;236.466;235.559;238.794;236.466;227.483;230.047;2808
;229.126;226.615;230.861;229.126;239.276;249.531;2814
;233.353;228.485;232.216;233.353;249.43;250.59;2820
;226.311;221.136;224.28;226.311;246.549;247.427;2826
;216.821;211.997;215.522;216.821;237.181;240.439;2832
;225.816;223.543;225.997;225.816;225.853;235.558;2838
;220.504;217.369;220.78;220.504;234.309;235.301;2844
;226.655;225.235;228.298;226.655;223.866;234.846;2850
;229.524;228.339;231.225;229.524;234.402;241.127;2856
;239.002;238.147;241.689;239.002;235.609;239.332;2862
;239.803;239.232;242.212;239.803;221.377;226.651;2868
;243.444;242.658;246.097;243.444;210.79;223.761;2874
;244.812;243.922;246.288;244.812;221.781;242.293;2880
;236.678;233.172;235.568;236.678;229.052;244.601;2886
;249.534;249.808;251.135;249.534;229.694;243.57;2892
;250.813;250.858;251.649;250.813;227.377;243.804;2898
;252.318;251.437;252.492;252.318;222.829;242.308;2904
;251.82;250.803;251.649;251.82;209.725;229.948;2910
;251.856;250.912;251.478;251.856;185.314;198.478;2916
;251.823;250.409;251.423;251.823;179.29;193.006;2922
;251.88;250.33;251.503;251.88;151.88;162.985;2928
;254.281;253.501;254.176;254.281;151.931;155.408;2934
;252.648;251.889;252.881;252.648;167.107;168.472;2940
;249.993;249.484;250.813;249.993;189.739;191.226;2946
;246.597;245.387;247.955;246.597;199.294;208.103;2952
;244.253;242.764;245.936;244.253;198.124;209.867;2958
;246.304;243.043;246.291;246.304;200.481;210.115;2964
;243.341;241.172;243.465;243.341;205.77;210.393;2970
;238.399;240.843;242.358;238.399;205.864;208.816;2976
;240.942;245.35;247.015;240.942;194.888;201.885;2982
;250.946;250.649;251.731;250.946;199.698;198.879;2988
;249.485;248.226;250.026;249.485;197.39;193.537;2994
;244.411;243.869;247.065;244.411;180.335;170.76;3000
;225.179;227.208;240.618;225.179;179.665;172.982;3006
;196.215;211.328;236.644;196.215;175.645;178.561;3012
;198.845;211.463;237.145;198.845;178.115;176.43;3018
;237.493;240.082;248.849;237.493;177.856;169.919;3024
;250.238;248.266;249.525;250.238;193.347;193.844;3030
;250.562;248.771;248.668;250.562;202.14;202.231;3036
;250.901;248.326;248.79;250.901;205.765;207.596;3042
;250.053;248.229;248.612;250.053;206.148;206.83;3048
;251.682;250.301;251.086;251.682;208.503;209.46;3054
;251.311;250.097;250.941;251.311;211.812;211.645;3060
;248.644;247.874;248.834;248.644;214.359;212.433;3066
;251.405;250.483;251.686;251.405;200.344;200.935;3072
;248.97;248.372;249.824;248.97;203.966;204.125;3078
;249.308;248.127;249.785;249.308;196.049;197.889;3084
;249.711;248.535;249.927;249.711;205.213;209.578;3090
;248.464;248.014;249.495;248.464;217.613;229.259;3096
;236.384;237.46;247.856;236.384;209.304;233.376;3102
;202.859;215.451;250.447;202.859;203.048;236.459;3108
;245.694;244.385;247.408;245.694;191.395;191.319;3114
;248.553;247.631;249.756;248.553;188.571;183.501;3120
;248.228;246.927;248.245;248.228;178.906;172.128;3126
;248.008;247.161;248.335;248.008;173.834;167.763;3132
;246.291;246.226;247.364;246.291;180.689;174.541;3138
;248.808;247.454;249.031;248.808;163.465;156.323;3144
;245.802;243.941;246.135;245.802;163.351;157.654;3150
;247.864;246.902;248.469;247.864;163.774;159.43;3156
;250.646;250.302;251.833;250.646;154.767;162.535;3162
;233.142;233.1;237.597;233.142;177.628;212.141;3168
;231.614;227.439;234.337;231.614;195.883;233.828;3174
;234.177;232.499;238.347;234.177;191.628;221.6;3180
;219.009;225.347;245.098;219.009;190.978;218.455;3186
;241.255;243.518;247.766;241.255;211.949;232.984;3192
;245.253;242.253;242.857;245.253;237.4;238.333;3198
;236.27;230.391;232.059;236.27;223.325;223.631;3204
;238.924;234.193;235.78;238.924;211.244;210.836;3210
;236.891;237.087;240.598;236.891;210.129;210.992;3216
;235.478;239.402;243.16;235.478;194.273;194.106;3222
;243.109;245.977;247.132;243.109;178.122;175.502;3228
;246.599;248.278;248.991;246.599;188.946;188.338;3234
;244.785;243.705;245.486;244.785;207.073;208.594;3240
;242.744;239.759;242.345;242.744;205.017;208.835;3246
;241.172;239.674;242.817;241.172;206.198;208.285;3252
;235.961;236.858;240.853;235.961;206.165;207.796;3258
;247.578;250.167;252.783;247.578;207.87;211.652;3264
;246.624;245.364;248.329;246.624;209.919;213.806;3270
;248.149;245.44;247.751;248.149;198.055;201.115;3276
;249.743;246.333;247.136;249.743;169.319;167.476;3282
;250.949;248.699;248.663;250.949;166.134;160.993;3288
;252.228;250.528;251.15;252.228;182.251;179.212;3294
;251.25;248.884;249.839;251.25;177.678;174.314;3300
;251.424;249.93;251.273;251.424;181.882;181.146;3306
;250.786;248.645;250.495;250.786;202.507;203.898;3312
;244.187;241.5;243.178;244.187;181.751;184.068;3318
;246.647;245.035;246.411;246.647;174.883;176.735;3324
;251.863;252.153;252.653;251.863;153.554;156.159;3330
;242.808;243.981;247.51;242.808;137.646;141.356;3336
;245.871;242.573;245.976;245.871;167.835;173.395;3342
;248.332;246.211;248.082;248.332;159.03;160.107;3348
;250.327;249.614;250.852;250.327;139.556;140.579;3354
;251.14;251.788;252.517;251.14;135.44;134.075;3360
;251.276;252.513;253.215;251.276;132.35;133.312;3366
;246.675;248.186;249.283;246.675;132.688;132.389;3372
;246.94;248.474;249.29;246.94;153.113;152.907;3378
;240.637;242.491;243.909;240.637;180.798;181.905;3384
;232.422;236.21;238.24;232.422;188.257;189.397;3390
;232.636;233.417;235.674;232.636;190.573;192.473;3396
;234.608;234.164;235.724;234.608;151.598;152.34;3402
;240.69;243.543;244.872;240.69;166.745;165.732;3408
;244.635;246.505;248.311;244.635;184.382;184.074;3414
;242.752;244.924;246.402;242.752;201.464;200.194;3420
;241.001;241.116;242.947;241.001;200.071;200.13;3426
;236.668;235.887;237.734;236.668;174.852;173.951;3432
;243.343;243.093;243.536;243.343;163.228;162.662;3438
;244.367;242.705;243.366;244.367;182.4;184.368;3444
;234.406;232.188;233.559;234.406;194.538;194.183;3450
;234.051;228.656;230.526;234.051;202.375;202.808;3456
;241.403;237.688;238.167;241.403;202.465;202.436;3462
;240.622;237.199;236.44;240.622;208.356;207.821;3468
;242.444;237.65;237.891;242.444;221.933;222.463;3474
;241.911;237.981;237.824;241.911;231.312;230.812;3480
;239.846;234.283;234.495;239.846;234.717;235.213;3486
;236.402;230.317;230.126;236.402;228.987;228.914;3492
;231.821;226.298;224.968;231.821;231.453;231.265;3498
;230.266;223.086;223.564;230.266;227.428;228.236;3504
;221.272;215.288;214.486;221.272;242.642;242.546;3510
;228.327;222.608;223.298;228.327;241.274;240.906;3516
;220.009;213.309;212.871;220.009;242.928;242.424;3522
;219.251;211.429;211.89;219.251;242.931;242.841;3528
;221.445;217.057;217.333;221.445;241.224;241.553;3534
;231.694;231.96;231.587;231.694;240.769;240.102;3540
;234.086;236.598;237.266;234.086;235.023;235.138;3546
;222.162;225.787;226.047;222.162;216.901;214.967;3552
;219.426;221.756;222.963;219.426;220.768;219.935;3558
;219.232;220.718;220.596;219.232;237.067;236.541;3564
;222.434;221.918;220.707;222.434;243.1;242.631;3570
;220.965;215.236;215.36;220.965;238.03;237.56;3576
;219.705;215.027;214.09;219.705;221.411;218.523;3582
;218.574;214.138;213.278;218.574;210.431;206.907;3588
;212.103;203.599;201.882;212.103;211.975;209.248;3594
;205.503;197.19;193.886;205.503;209.767;206.525;3600
;205.757;198.695;196.013;205.757;206.937;203.376;3606
;205.92;199.13;197.115;205.92;216.281;213.513;3612
;205.414;198.627;197.297;205.414;213.859;210.904;3618
;207;204.301;203.673;207;211.823;208.914;3624
;204.077;203.731;203.239;204.077;214.733;212.024;3630
;203.13;203.923;203.55;203.13;234.858;234.431;3636
;204.121;202.277;202.527;204.121;247.864;248.513;3642
;218.722;216.508;218.353;218.722;247.475;248.491;3648
;213.117;206.754;206.401;213.117;237.328;238.11;3654
;211.286;206.049;205.458;211.286;234.686;233.872;3660
;215.786;211.893;213.334;215.786;232.817;233.72;3666
;215.806;217.723;219.699;215.806;234.656;235.338;3672
;209.981;211.9;215.694;209.981;233.766;235.523;3678
;204.538;209.902;213.136;204.538;236.495;238.139;3684
;226.061;227.486;227.935;226.061;243.437;243.1;3690
;229.701;231.018;233.367;229.701;244.805;244.497;3696
;207.851;211.65;214.623;207.851;236.333;234.446;3702
;204.851;205.898;210.349;204.851;225.073;224.014;3708
;195.977;198.076;201.299;195.977;231.049;229.93;3714
;193.383;195.825;198.481;193.383;232.54;231.424;3720
;188.518;191.014;196.244;188.518;222.464;223.713;3726
;203.747;211.619;215.079;203.747;227.076;228.182;3732
;201.657;207.36;211.075;201.657;244.153;243.851;3738
;204.249;208.37;210.693;204.249;235.547;234.366;3744
;231.826;244.094;247.328;231.826;231.133;227.316;3750
;226.195;237.677;242.495;226.195;252.13;252.007;3756
;222.789;235.215;238.866;222.789;250.463;250.775;3762
;221.901;233.943;239.675;221.901;245.833;246.984;3768
;221.531;234.18;238.975;221.531;237.418;239.842;3774
;222.297;234.053;238.643;222.297;235.026;237.375;3780
;222.959;234.072;237.972;222.959;236.214;237.609;3786
;217.085;228.337;232.735;217.085;239.445;239.91;3792
;202.968;210.332;215.139;202.968;223.656;225.671;3798
;194.846;198.344;200.774;194.846;200.138;202.298;3804
;208.189;208.183;210.707;208.189;228.155;228.679;3810
;222.633;222.027;225;222.633;230.118;231.037;3816
;223.072;222.271;225.134;223.072;241.839;242.742;3822
;221.986;220.583;223.873;221.986;235.914;237.849;3828
;220.464;219.904;223.309;220.464;231.149;233.118;3834
;219.445;217.928;222.342;219.445;227.06;228.611;3840
;219.81;220.248;225.055;219.81;237.883;239.295;3846
;207.705;211.986;216.324;207.705;242.914;243.841;3852
;208.971;211.772;217.325;208.971;241.012;242.704;3858
;207.886;212.762;218.022;207.886;239.756;240.528;3864
;206.824;211.903;218.85;206.824;241.192;243.634;3870
;203.832;209.11;215.777;203.832;239.224;241.939;3876
;212.689;214.175;217.462;212.689;239.801;241.901;3882
;205.539;205.747;211.309;205.539;230.741;233.54;3888
;203.768;203.729;209.605;203.768;214.565;218.089;3894
;207.526;205.946;213.276;207.526;205.968;211.833;3900
;199.849;199.075;204.379;199.849;234.105;237.308;3906
;200.071;200.125;205.452;200.071;241.148;243.613;3912
;214.488;212.17;217.629;214.488;236.102;240.067;3918
;225.433;225.545;229.495;225.433;222.96;228.931;3924
;240.525;240.669;243.721;240.525;226.22;232.326;3930
;244.961;244.639;246.85;244.961;230.879;235.401;3936
;239.242;238.182;241.063;239.242;235.311;238.399;3942
;239.816;237.606;240.586;239.816;230.685;233.88;3948
;238.248;235.681;239.084;238.248;235.959;237.938;3954
;237.784;235.076;238.54;237.784;234.793;237.591;3960
;229.323;224.934;228.637;229.323;233.529;235.711;3966
;223.039;220.471;223.633;223.039;231.668;234.696;3972
;232.612;229.007;231.144;232.612;219.858;225.559;3978
;243.977;241.359;242.132;243.977;222.935;228.321;3984
;245.23;241.689;241.836;245.23;234.863;238.955;3990
;230.73;225.888;226.151;230.73;234.944;238.786;3996
;218.574;212.072;211.773;218.574;234.091;237.004;4002
;171.745;161.385;163.173;171.745;223.953;228.04;4008
;180.45;170.956;170.674;180.45;215.654;216.547;4014
;192.676;176.51;173.823;192.676;231.13;231.617;4020
;198.375;183.553;177.067;198.375;232.024;230.665;4026
;207.206;193.482;186.762;207.206;240.827;238.716;4032
;209.701;196.891;190.624;209.701;248.186;247.763;4038
;212.805;201.536;196.089;212.805;240.069;239.216;4044
;221.16;211.061;208.769;221.16;238.694;239.784;4050
;221.621;214.04;214.03;221.621;247.261;247.07;4056
;205.292;203.149;205.461;205.292;250.097;251.097;4062
;236.724;240.73;243.073;236.724;244.993;246.215;4068
;240.945;247.307;249.094;240.945;251.795;252.756;4074
;248.201;251.422;252.126;248.201;249.232;250.515;4080
;241.112;241.118;241.714;241.112;249.613;250.556;4086
;242.919;238.436;237.489;242.919;246.907;248.344;4092
;241.365;231.099;227.734;241.365;250.054;251.115;4098
;242.673;232.091;225.317;242.673;249.389;249.64;4104
;237.339;226.302;220.558;237.339;245.156;243.835;4110
;203.324;191.964;189.61;203.324;252.025;252.251;4116
;214.646;210.87;210.804;214.646;250.044;250.135;4122
;210.383;209.571;210.804;210.383;249.085;248.964;4128
;215.15;215.855;218.61;215.15;224.152;218.65;4134
;231.406;235.211;239.511;231.406;223.789;225.006;4140
;214.099;233.502;240.485;214.099;229.992;238.152;4146
;200.514;242.338;249.558;200.514;240.769;246.305;4152
;191.71;239.212;248.327;191.71;245.799;249.192;4158
;178.56;224.077;232.891;178.56;226.456;231.277;4164
;181.034;217.253;225.021;181.034;224.75;229.36;4170
;202.825;229.649;234.11;202.825;240.034;242.646;4176
;225.579;246.35;249.364;225.579;240.001;243.023;4182
;226.333;243.302;246.143;226.333;243.922;245.267;4188
;221.687;229.973;233.108;221.687;228.583;230.24;4194
;238.878;239.634;243.006;238.878;218.497;220.713;4200
;240.234;240.722;243.159;240.234;224.956;227.284;4206
;237.162;241.601;244.34;237.162;232.912;235.328;4212
;226.351;225.439;230.728;226.351;236.966;239.495;4218
;232.794;227.011;236.484;232.794;224.025;231.684;4224
;226.756;217.907;230.178;226.756;220.885;239.965;4230
;232.811;223.488;228.049;232.811;251.078;251.656;4236
;233.13;223.229;224.858;233.13;252.773;252.901;4242
;227.632;220.494;222.477;227.632;246.441;246.85;4248
;231.174;228.973;228.983;231.174;236.758;237.777;4254
;239.609;237.791;237.813;239.609;239.893;240.794;4260
;245.297;240.434;239.128;245.297;233.024;229.927;4266
;242.702;237.389;237.762;242.702;235.84;235.274;4272
;243.872;237.727;238.159;243.872;231.239;231.053;4278
;236.303;229.705;230.525;236.303;228.942;229.248;4284
;222.943;225.276;226.482;222.943;193.591;194.656;4290
;214.977;223.15;223.356;214.977;178.752;178.03;4296
;211.413;218.14;218.703;211.413;167.29;170.41;4302
;181.151;192.599;193.724;181.151;172.824;176.371;4308
;176.268;190.391;190.004;176.268;181.608;184.812;4314
;190.915;205.889;206.732;190.915;184.232;187.828;4320
;201.248;212.675;214.241;201.248;214.391;215.122;4326
